issue_id,issue_number,title,state,created_date,closed_date,contributors,repo_owner,repo_name
I_kwDOAbI7X88AAAABP_Cxyg,69917,"Regex in ""Build a medical data validator"" (Python curriculum) should use raw string notation",OPEN,2026-09-06T21:16:35Z,,,freeCodeCamp,freeCodeCamp
I_kwDOAbI7X88AAAABLnDL7g,69297,"Add Section Headers to Lecture: What Are Capturing Groups and Backreferences, and How Do They Work?",OPEN,2026-08-05T18:42:44Z,,,freeCodeCamp,freeCodeCamp
I_kwDOAbI7X88AAAABQFztww,69918,Tree Traversal: Building a Binary Search Tree - Step 30,OPEN,2026-09-07T12:39:42Z,,,freeCodeCamp,freeCodeCamp
I_kwDOAbI7X88AAAABP2w-bg,69902,CSRF plugin tests contain false-positives and routing bug on /signout,OPEN,2026-09-05T15:41:04Z,,,freeCodeCamp,freeCodeCamp
I_kwDOAbI7X87q-Cf9,65887,Improve solution download format to ZIP project structure,OPEN,2026-02-14T19:37:50Z,,,freeCodeCamp,freeCodeCamp
I_kwDOAbI7X88AAAABLnDByg,69293,Add Section Headers to Lecture: What Are Some Ways to Make Web Applications Keyboard Accessible?,OPEN,2026-08-05T18:42:26Z,,,freeCodeCamp,freeCodeCamp
I_kwDOAbI7X88AAAABPPW1pA,69837,Example project in Build an Event RSVP lab allows changes to confirmation message,OPEN,2026-09-01T23:01:46Z,,,freeCodeCamp,freeCodeCamp
I_kwDOAbI7X88AAAABPuHGnw,69877,External curriculum tests misclassify overlapping superblock slugs,OPEN,2026-09-04T15:27:05Z,,,freeCodeCamp,freeCodeCamp
I_kwDOAbI7X88AAAABLnDAAA,69292,"Add Section Headers to Lecture: What Is Recursion, and How Does It Work?",OPEN,2026-08-05T18:42:22Z,,,freeCodeCamp,freeCodeCamp
I_kwDOAbI7X88AAAABP0pSFQ,69897,Movie Ticket Booking Calculator tests reject valid print calls and an equivalent condition,OPEN,2026-09-05T08:42:02Z,,,freeCodeCamp,freeCodeCamp
I_kwDOAbI7X88AAAABKTKouQ,69073,Text in multiple languages,CLOSED,2026-07-27T08:54:50Z,2026-09-05T10:19:23Z,,freeCodeCamp,freeCodeCamp
I_kwDOAbI7X88AAAABMsWUKQ,69534,Use of `const` vs `let` vs `var` in the Binary Search Workshop,OPEN,2026-08-13T23:44:20Z,,,freeCodeCamp,freeCodeCamp
I_kwDOAbI7X88AAAABPoHybA,69870,Incorrect pinyin in Chinese A1 numbers quiz,CLOSED,2026-09-04T02:56:50Z,2026-09-05T09:01:25Z,duygri,freeCodeCamp,freeCodeCamp
I_kwDOAbI7X88AAAABPrayzw,69874,Fix JavaScript seed indentation in the Linked List Workshop,CLOSED,2026-09-04T10:45:48Z,2026-09-05T08:59:01Z,Aman739-code,freeCodeCamp,freeCodeCamp
I_kwDOAbI7X88AAAABLnC7zw,69290,"Add Section Headers to Lecture: What Is the calc() Function, and How Does It Work?",OPEN,2026-08-05T18:42:13Z,,,freeCodeCamp,freeCodeCamp
I_kwDOAbI7X88AAAABPu2Z3A,69879,Remove obsolete Back End Development and APIs v9 module intros,CLOSED,2026-09-04T16:45:03Z,2026-09-04T18:31:13Z,sagarithm,freeCodeCamp,freeCodeCamp
I_kwDOAbI7X88AAAABPu2csg,69881,Remove obsolete JavaScript v9 module intros,CLOSED,2026-09-04T16:45:07Z,2026-09-04T18:31:04Z,sagarithm,freeCodeCamp,freeCodeCamp
I_kwDOAbI7X88AAAABLnDDmg,69294,"Add Section Headers to Lecture: What Is CSS Specificity, and the Specificity for Inline, Internal, and External CSS?",CLOSED,2026-08-05T18:42:30Z,2026-09-04T18:30:37Z,Webmekanic,freeCodeCamp,freeCodeCamp
I_kwDOAbI7X88AAAABPu2dtQ,69882,Remove obsolete Python v9 module intros,CLOSED,2026-09-04T16:45:09Z,2026-09-04T18:28:59Z,sagarithm,freeCodeCamp,freeCodeCamp
I_kwDOAbI7X88AAAABPu2bYg,69880,Remove obsolete Front End Development Libraries v9 module intros,CLOSED,2026-09-04T16:45:05Z,2026-09-04T18:26:50Z,sagarithm,freeCodeCamp,freeCodeCamp
I_kwDOAbI7X88AAAABLnDNsA,69298,"Add Section Headers to Lecture: What Is Class Inheritance, and How Does It Work?",OPEN,2026-08-05T18:42:48Z,,,freeCodeCamp,freeCodeCamp
I_kwDOAbI7X88AAAABIYmgJw,68708,Replace regex-based test cases in Linked List Workshop,CLOSED,2026-07-10T18:24:57Z,2026-09-04T17:22:33Z,jacobptnguyen,freeCodeCamp,freeCodeCamp
I_kwDOAbI7X88AAAABLnEAUA,69318,"Add Section Headers to Lecture: How Does the JavaScript Date Object Work, and What Are Some Common Methods?",CLOSED,2026-08-05T18:44:19Z,2026-09-04T17:19:24Z,gundavarapuindira25-max,freeCodeCamp,freeCodeCamp
I_kwDOAbI7X88AAAABBfKZYg,67263,RDB course missing instructions on required language setting,CLOSED,2026-05-06T22:07:49Z,2026-09-04T16:34:35Z,Dev1139;moT01,freeCodeCamp,freeCodeCamp
I_kwDOAbI7X87LX7Ye,62192,Issues with the `pnpm create-new-project` command,CLOSED,2025-09-12T22:03:46Z,2026-09-04T15:39:55Z,majestic-owl448,freeCodeCamp,freeCodeCamp
I_kwDOAbI7X88AAAABLnDhlA,69307,"Add Section Headers to Lecture: What Is the aria-expanded Attribute, and How Does It Work?",CLOSED,2026-08-05T18:43:24Z,2026-09-04T15:38:36Z,Aman739-code,freeCodeCamp,freeCodeCamp
I_kwDOAbI7X88AAAABD1QUwA,67697,`IndependentLowerJaw` shows hints with relevant spaces trimmed,CLOSED,2026-05-29T22:59:30Z,2026-09-04T15:37:48Z,majestic-owl448,freeCodeCamp,freeCodeCamp
I_kwDOAbI7X88AAAABLnDPcw,69299,Add Section Headers to Lecture: What Are Best Practices for Tables and Accessibility?,CLOSED,2026-08-05T18:42:51Z,2026-09-04T15:32:09Z,Webmekanic,freeCodeCamp,freeCodeCamp
I_kwDOAbI7X88AAAABPaK1Ww,69847,'Continue Learning' Button Bug,OPEN,2026-09-02T20:46:05Z,,,freeCodeCamp,freeCodeCamp
I_kwDOAbI7X88AAAABLnC-Aw,69291,Add Section Headers to Lecture: What Are ARIA Roles?,OPEN,2026-08-05T18:42:18Z,,,freeCodeCamp,freeCodeCamp
I_kwDOAbI7X88AAAABPp2VVw,69871,HTML Module should be structured better,OPEN,2026-09-04T07:29:43Z,,,freeCodeCamp,freeCodeCamp
I_kwDOAbI7X88AAAABLnDayg,69304,Add Section Headers to Lecture: How Do Block and Inline Quotes Work in HTML?,CLOSED,2026-08-05T18:43:11Z,2026-09-04T09:59:35Z,laypatel13,freeCodeCamp,freeCodeCamp
I_kwDOAbI7X88AAAABLhojUQ,69275,Editable-region audit for workshop-envelope-budget-app,CLOSED,2026-08-05T07:22:54Z,2026-09-04T08:48:26Z,MkhalFadel,freeCodeCamp,freeCodeCamp
I_kwDOAbI7X88AAAABLnDXMg,69302,"Add Section Headers to Lecture: What Are Regular Expressions, and What Are Some Common Methods?",CLOSED,2026-08-05T18:43:04Z,2026-09-04T06:55:13Z,TEE0207,freeCodeCamp,freeCodeCamp
I_kwDOAbI7X88AAAABLnDUgg,69301,"Add Section Headers to Lecture: What Is the HSL Color Model, and How Does the HSL Function Work in CSS?",OPEN,2026-08-05T18:42:59Z,,,freeCodeCamp,freeCodeCamp
I_kwDOAbI7X87zgfgI,66515,Success message after logging out,CLOSED,2026-03-16T23:47:35Z,2026-09-04T05:51:41Z,majestic-owl448,freeCodeCamp,freeCodeCamp
I_kwDOAbI7X88AAAABPl_atg,69864,Test failing for Build a Space Mission Roster workshop step 20 despite correct console output and AST PR merge,CLOSED,2026-09-03T21:01:47Z,2026-09-03T21:24:13Z,,freeCodeCamp,freeCodeCamp
I_kwDOAbI7X88AAAABLnEDNA,69319,"Add Section Headers to Lecture: How Do Media Queries Work, and What Are Some Common Media Types and Features?",CLOSED,2026-08-05T18:44:25Z,2026-09-03T19:35:10Z,Fabian-m17,freeCodeCamp,freeCodeCamp
I_kwDOAbI7X88AAAABPZc58w,69845,Build a Bookmark Manager App - Test 17 hidden requirement needs to toggle hidden for sections,CLOSED,2026-09-02T19:28:29Z,2026-09-03T19:17:39Z,Kunal241207,freeCodeCamp,freeCodeCamp
I_kwDOAbI7X88AAAABLnDRoQ,69300,Add Section Headers to Lecture: What Are Static Properties and Methods in Classes?,OPEN,2026-08-05T18:42:55Z,,,freeCodeCamp,freeCodeCamp
I_kwDOAbI7X88AAAABIYmdJQ,68703,Replace regex-based test cases in Festival Crowd Flow Simulator Workshop,CLOSED,2026-07-10T18:24:51Z,2026-09-03T18:57:12Z,Sembauke,freeCodeCamp,freeCodeCamp
I_kwDOAbI7X88AAAABLnDZOg,69303,"Add Section Headers to Lecture: What Are Attributes, and How Do They Work?",CLOSED,2026-08-05T18:43:08Z,2026-09-03T08:24:36Z,Aman739-code,freeCodeCamp,freeCodeCamp
I_kwDOAbI7X88AAAABMe6LiQ,69504,Add a quiz for the REST API and Web Services module,CLOSED,2026-08-12T15:43:26Z,2026-09-03T08:17:15Z,Webmekanic,freeCodeCamp,freeCodeCamp
I_kwDOAbI7X88AAAABO2rdWA,69805,Envelope Budget App Add Entry workflow has an invalid option and selector,CLOSED,2026-08-30T11:32:51Z,2026-09-03T08:05:00Z,MkhalFadel,freeCodeCamp,freeCodeCamp
I_kwDOAbI7X88AAAABGcgkZQ,68179,forum notifications panel is not shown completely,CLOSED,2026-06-23T16:05:51Z,2026-09-02T19:28:44Z,a2937;majestic-owl448,freeCodeCamp,freeCodeCamp
I_kwDOAbI7X88AAAABMHI-og,69456,Two ambiguous questions in the CSS Grid Quiz,CLOSED,2026-08-10T07:35:55Z,2026-09-02T17:35:15Z,ansaftab-1,freeCodeCamp,freeCodeCamp
I_kwDOAbI7X88AAAABLnG06Q,69346,Add Section Headers to Lecture: What Are Best Practices for Designing Shopping Carts?,CLOSED,2026-08-05T18:49:50Z,2026-09-02T17:01:19Z,tracemycodes,freeCodeCamp,freeCodeCamp
I_kwDOAbI7X88AAAABMe6SNg,69505,Replace the REST API questions in the Introduction to Express quiz,OPEN,2026-08-12T15:43:36Z,,,freeCodeCamp,freeCodeCamp
I_kwDOAbI7X88AAAABLnGDMg,69333,"Add Section Headers to Lecture: What Are Bitwise Operators, and How Do They Work?",CLOSED,2026-08-05T18:48:27Z,2026-09-02T08:00:07Z,jaykumar14921,freeCodeCamp,freeCodeCamp
I_kwDOAbI7X86UO0yN,55941,Ambient camping sounds in freecodecamp website,OPEN,2024-08-26T13:43:51Z,,,freeCodeCamp,freeCodeCamp
I_kwDOAbI7X86I27rX,54796,[Certification Projects] Show a dialog when user leaving the page,OPEN,2024-05-14T18:29:06Z,,,freeCodeCamp,freeCodeCamp
I_kwDOAbI7X87Xq1cH,63788,Escaping HTML entities,OPEN,2025-11-12T21:42:22Z,,,freeCodeCamp,freeCodeCamp
I_kwDOAbI7X88AAAABNutudA,69665,Sign in button on daily challenge archive page is too wide,OPEN,2026-08-21T16:59:37Z,,,freeCodeCamp,freeCodeCamp
I_kwDOAbI7X88AAAABLnDjRw,69308,"Add Section Headers to Lecture: What Is a CSS Reset, and What Are Some Common Examples?",CLOSED,2026-08-05T18:43:27Z,2026-09-02T07:03:14Z,Aman739-code,freeCodeCamp,freeCodeCamp
I_kwDOAbI7X88AAAABLnDJpg,69296,"Add Section Headers to Lecture: What Are Some Common Flex Properties, and How Do They Work?",CLOSED,2026-08-05T18:42:40Z,2026-09-01T19:00:46Z,ManuelOrji2,freeCodeCamp,freeCodeCamp
I_kwDOAbI7X88AAAABLnDdKA,69305,Add Section Headers to Lecture: What Role Does HTML Play on the Web?,CLOSED,2026-08-05T18:43:15Z,2026-09-01T19:00:24Z,Aman739-code,freeCodeCamp,freeCodeCamp
I_kwDOAbI7X88AAAABLnDlLw,69309,"Add Section Headers to Lecture: What Are Variables, and What Are Guidelines for Naming JavaScript Variables?",CLOSED,2026-08-05T18:43:30Z,2026-09-01T17:51:46Z,Aman739-code,freeCodeCamp,freeCodeCamp
I_kwDOAbI7X88AAAABLnDvAg,69312,Add Section Headers to Lecture: What Are Common Design Terms to Help You Communicate with Designers?,OPEN,2026-08-05T18:43:48Z,,,freeCodeCamp,freeCodeCamp
I_kwDOAbI7X88AAAABOCUt_g,69719,Use semantic keyboard markup in B1 English conditionals task,CLOSED,2026-08-24T16:11:33Z,2026-08-25T09:27:48Z,,freeCodeCamp,freeCodeCamp
I_kwDOAbI7X88AAAABNdJ7VA,69619,Use a table and kbd elements for keyboard shortcuts,CLOSED,2026-08-19T23:09:40Z,2026-08-31T23:33:05Z,,freeCodeCamp,freeCodeCamp
I_kwDOAbI7X88AAAABO4QWwg,69808,Mark the F2 key in the Learn How to Use Conditionals task,CLOSED,2026-08-30T17:42:17Z,2026-08-31T22:21:58Z,zxlinw,freeCodeCamp,freeCodeCamp
I_kwDOAbI7X88AAAABO8nD4w,69816,Unclear terminology in CSS Grid lecture (untaught multi-column layouts),CLOSED,2026-08-31T08:20:40Z,2026-08-31T22:02:29Z,Archita-kale,freeCodeCamp,freeCodeCamp
I_kwDOAbI7X88AAAABLnDxaQ,69313,Add Section Headers to Lecture: How Do You Add and Remove Elements from the Middle of an Array?,OPEN,2026-08-05T18:43:53Z,,,freeCodeCamp,freeCodeCamp
I_kwDOAbI7X88AAAABO6G6qA,69812,"""Debug a Donation Form"" lab: test 5 fails incorrectly — first input already has required attribute",CLOSED,2026-08-31T01:14:53Z,2026-08-31T11:07:24Z,majestic-owl448,freeCodeCamp,freeCodeCamp
I_kwDOAbI7X88AAAABF9ZCzw,68078,"A2 English Certification Exam typo 2 times ""and""",CLOSED,2026-06-18T18:09:17Z,2026-08-31T10:04:46Z,,freeCodeCamp,freeCodeCamp
I_kwDOAbI7X88AAAABLnFlyQ,69329,"Add Section Headers to Lecture: What Are Booleans, and How Do They Work with Equality and Inequality Operators?",CLOSED,2026-08-05T18:47:31Z,2026-08-31T08:32:32Z,eva-lng,freeCodeCamp,freeCodeCamp
I_kwDOAbI7X88AAAABIYmcAw,68701,Replace regex-based test cases in Decimal To Binary Converter Workshop,CLOSED,2026-07-10T18:24:48Z,2026-08-31T06:26:27Z,SanthoshBalagur,freeCodeCamp,freeCodeCamp
I_kwDOAbI7X88AAAABOCU9fw,69724,Use semantic keyboard markup in Responsive Web Design V9,CLOSED,2026-08-24T16:11:59Z,2026-08-30T17:39:11Z,Naman-bh,freeCodeCamp,freeCodeCamp
I_kwDOAbI7X87f-RTj,64869,Break down string methods workshop and add it to main,OPEN,2025-12-23T14:57:17Z,,,freeCodeCamp,freeCodeCamp
I_kwDOAbI7X88AAAABLnD75A,69316,Add Section Headers to Lecture: What Are Some Ways to Validate Forms Using JavaScript?,CLOSED,2026-08-05T18:44:12Z,2026-08-30T10:15:13Z,ManuelOrji2,freeCodeCamp,freeCodeCamp
I_kwDOAbI7X88AAAABLnD53Q,69315,"Add Section Headers to Lecture: What Is the CSS Transform Property, and How Does It Work?",OPEN,2026-08-05T18:44:07Z,,,freeCodeCamp,freeCodeCamp
I_kwDOAbI7X88AAAABK6jHAg,69141,"""Build a motorcycle shop"" lab audit",OPEN,2026-07-31T07:27:54Z,,,freeCodeCamp,freeCodeCamp
I_kwDOAbI7X88AAAABOsEcNA,69794,Unclear instruction for daily challenge no.18 (Second Best),CLOSED,2026-08-28T17:32:30Z,2026-08-29T17:53:31Z,noctis-coder,freeCodeCamp,freeCodeCamp
I_kwDOAbI7X88AAAABJR_02g,68924,Mandatory tags for Curriculum help category on FCC forum,OPEN,2026-07-18T10:11:04Z,,,freeCodeCamp,freeCodeCamp
I_kwDOAbI7X86Av942,53914,Missing CSV Files in released branch of Relational Database Courses,CLOSED,2024-02-28T23:35:22Z,2026-08-29T09:26:59Z,,freeCodeCamp,freeCodeCamp
I_kwDOAbI7X88AAAABDWxZLw,67605,RDB: Build Five Programs workshop gives an invalid hint,CLOSED,2026-05-25T23:48:06Z,2026-08-29T09:03:32Z,harshlm15;majestic-owl448,freeCodeCamp,freeCodeCamp
I_kwDOAbI7X88AAAABIYmYQg,68694,Replace regex-based test cases in Binary Search Workshop,CLOSED,2026-07-10T18:24:38Z,2026-08-29T08:07:20Z,jeffrinkdev,freeCodeCamp,freeCodeCamp
I_kwDOAbI7X87Q-b0C,62733,Python visualization tool 'memory_graph',CLOSED,2025-10-11T15:50:49Z,2026-08-29T07:43:08Z,,freeCodeCamp,freeCodeCamp
I_kwDOAbI7X88AAAABDokr4g,67636,rdb workshop unexplained test script failure,OPEN,2026-05-28T08:15:21Z,,,freeCodeCamp,freeCodeCamp
I_kwDOAbI7X88AAAABOdjEiw,69767,center trending guides menu in footer at 500px width or less,CLOSED,2026-08-27T08:23:51Z,2026-08-28T12:12:24Z,,freeCodeCamp,freeCodeCamp
I_kwDOAbI7X88AAAABJdCMBQ,68948,Tests on the last Front-End Dev certification project take three minutes to execute,OPEN,2026-07-20T13:25:51Z,,,freeCodeCamp,freeCodeCamp
I_kwDOAbI7X88AAAABNqBpfQ,69661,"Run Tests fails in ""Learn Node.js REPL"" lab even when terminal command is correct (Backend JS v9, Codespaces)",CLOSED,2026-08-21T07:05:05Z,2026-08-28T08:34:16Z,,freeCodeCamp,freeCodeCamp
I_kwDOAbI7X88AAAABIYmiPw,68712,Replace regex-based test cases in Planets Tablist Workshop,OPEN,2026-07-10T18:25:02Z,,,freeCodeCamp,freeCodeCamp
I_kwDOAbI7X88AAAABLnFZVg,69326,"Add Section Headers to Lecture: What Is Responsive Web Design, and What Is Its Relationship to Tools Like CSS Grid and Flexbox?",CLOSED,2026-08-05T18:47:06Z,2026-08-28T07:25:01Z,Aman739-code,freeCodeCamp,freeCodeCamp
I_kwDOAbI7X88AAAABLnDrcQ,69311,"Add Section Headers to Lecture: What Are the Roles of the HTML Audio and Video Elements, and How Do They Work?",CLOSED,2026-08-05T18:43:43Z,2026-08-28T07:24:42Z,d4-dhiraj,freeCodeCamp,freeCodeCamp
I_kwDOAbI7X88AAAABIYmmTA,68720,Replace regex-based test cases in Shortest Path Algorithm Workshop,OPEN,2026-07-10T18:25:13Z,,,freeCodeCamp,freeCodeCamp
I_kwDOAbI7X88AAAABNRwnUw,69604,"Certification Project: Build a Digital Pet Game - Test #6 not allowing ""onChange"" handler for pet name",OPEN,2026-08-18T20:28:00Z,,,freeCodeCamp,freeCodeCamp
I_kwDOAbI7X88AAAABK_NtUQ,69158,"Digital Pet Game - Step for says form shouldn't be ""Visible"" but test looks at existence",OPEN,2026-07-31T18:29:20Z,,,freeCodeCamp,freeCodeCamp
I_kwDOAbI7X88AAAABIYmcoA,68702,Replace regex-based test cases in Fcc Authors Page Workshop,CLOSED,2026-07-10T18:24:49Z,2026-08-27T16:10:31Z,Sembauke,freeCodeCamp,freeCodeCamp
I_kwDOAbI7X88AAAABLnGGqg,69334,Add Section Headers to Lecture: What Are Examples of Element User Action Pseudo-classes?,CLOSED,2026-08-05T18:48:35Z,2026-08-27T15:58:14Z,jaykumar14921,freeCodeCamp,freeCodeCamp
I_kwDOAbI7X88AAAABLnD-Hw,69317,"Add Section Headers to Lecture: What Is the aria-hidden Attribute, and How Does It Work?",CLOSED,2026-08-05T18:44:15Z,2026-08-27T15:25:45Z,Aman739-code,freeCodeCamp,freeCodeCamp
I_kwDOAbI7X88AAAABNtjgPQ,69663,Inserting Emoji's,CLOSED,2026-08-21T14:33:35Z,2026-08-27T14:50:20Z,,freeCodeCamp,freeCodeCamp
I_kwDOAbI7X88AAAABItXyNA,68805,Lack of white space causing tests to fail for `else` statement,OPEN,2026-07-14T02:54:29Z,,,freeCodeCamp,freeCodeCamp
I_kwDOAbI7X88AAAABL7sXBQ,69421,"Trivia Bot lab hints hard-code console.log call indices, breaking valid solutions with extra logging",OPEN,2026-08-08T03:58:27Z,,,freeCodeCamp,freeCodeCamp
I_kwDOAbI7X88AAAABLnFwBw,69331,"Add Section Headers to Lecture: What Are Hex Codes, and How Do They Work in CSS?",CLOSED,2026-08-05T18:47:50Z,2026-08-27T08:03:50Z,Webmekanic,freeCodeCamp,freeCodeCamp
I_kwDOAbI7X88AAAABOCU3ew,69721,Use semantic keyboard markup in JavaScript V9,CLOSED,2026-08-24T16:11:50Z,2026-08-27T07:32:52Z,Supravisor,freeCodeCamp,freeCodeCamp
I_kwDOAbI7X88AAAABLnGU3w,69337,Add Section Headers to Lecture: How Do Loops and Iteration Work in JavaScript?,CLOSED,2026-08-05T18:48:58Z,2026-08-26T16:24:14Z,jaykumar14921,freeCodeCamp,freeCodeCamp
I_kwDOAbI7X88AAAABOCU1xA,69720,Use semantic keyboard markup in Front End Libraries V9,CLOSED,2026-08-24T16:11:47Z,2026-08-26T07:46:33Z,Supravisor,freeCodeCamp,freeCodeCamp
I_kwDOAbI7X88AAAABLnDfeQ,69306,"Add Section Headers to Lecture: What Are Margins and Padding, and How Do They Work?",CLOSED,2026-08-05T18:43:20Z,2026-08-26T07:45:31Z,laypatel13,freeCodeCamp,freeCodeCamp
I_kwDOAbI7X88AAAABLnDm2A,69310,"Add Section Headers to Lecture: What Is a Data Type, and What Are the Different Data Types in JavaScript?",OPEN,2026-08-05T18:43:34Z,,,freeCodeCamp,freeCodeCamp
I_kwDOAbI7X88AAAABLnFEtA,69322,Add Section Headers to Lecture: What Is the Mobile First Approach in Responsive Web Design?,CLOSED,2026-08-05T18:46:27Z,2026-08-25T09:47:06Z,Aman739-code,freeCodeCamp,freeCodeCamp
I_kwDOAbI7X88AAAABOCU55g,69722,Use semantic keyboard markup in Python V9,CLOSED,2026-08-24T16:11:53Z,2026-08-25T09:40:38Z,aryanraj7791,freeCodeCamp,freeCodeCamp
I_kwDOAbI7X88AAAABLnE_og,69320,"Add Section Headers to Lecture: What Are Conditional Statements, and How Do If/Else If/Else Statements Work?",CLOSED,2026-08-05T18:46:17Z,2026-08-25T09:37:01Z,Aman739-code,freeCodeCamp,freeCodeCamp
I_kwDOAbI7X88AAAABOCU73g,69723,Use semantic keyboard markup in Relational Databases V9,CLOSED,2026-08-24T16:11:56Z,2026-08-25T09:24:51Z,Kunal241207,freeCodeCamp,freeCodeCamp
I_kwDOAbI7X88AAAABOBkG6A,69715,Correct inaccurate explanations and examples in the Node fs lesson,CLOSED,2026-08-24T14:52:25Z,2026-08-25T09:17:41Z,Dazzanova,freeCodeCamp,freeCodeCamp
I_kwDOAbI7X88AAAABLnFNMQ,69323,Add Section Headers to Lecture: What Are the Roles of the aria-label and aria-labelledby Attributes?,CLOSED,2026-08-05T18:46:43Z,2026-08-25T09:02:48Z,jaykumar14921,freeCodeCamp,freeCodeCamp
I_kwDOAbI7X88AAAABLnFCXg,69321,"Add Section Headers to Lecture: What Are ems and rems in CSS, and When Should You Use Them?",CLOSED,2026-08-05T18:46:22Z,2026-08-25T09:02:35Z,Aman739-code,freeCodeCamp,freeCodeCamp
I_kwDOAbI7X88AAAABLvP0Fw,69370,Update installing node lecture,CLOSED,2026-08-06T15:22:41Z,2026-08-25T05:52:20Z,ingsunny,freeCodeCamp,freeCodeCamp
I_kwDOAbI7X88AAAABNSnYEg,69606,Use of ID versus `id` when referring to the id attribute,OPEN,2026-08-18T22:27:08Z,,,freeCodeCamp,freeCodeCamp
I_kwDOAbI7X88AAAABN-vwPA,69694,Use semantic keyboard markup in keyboard accessibility lesson,CLOSED,2026-08-24T09:28:00Z,2026-08-24T15:35:19Z,Venkat,freeCodeCamp,freeCodeCamp
I_kwDOAbI7X88AAAABN-H1DA,69690,The interactive editor is not logging event targets in the examples,CLOSED,2026-08-24T08:11:56Z,2026-08-24T15:20:07Z,barry166,freeCodeCamp,freeCodeCamp
I_kwDOAbI7X88AAAABN-v0hQ,69695,Use semantic keyboard markup in Bash Commands Review,CLOSED,2026-08-24T09:28:06Z,2026-08-24T14:30:08Z,duna-akin,freeCodeCamp,freeCodeCamp
I_kwDOAbI7X88AAAABN-v4Rw,69696,Use semantic keyboard markup in Relational Databases Review,CLOSED,2026-08-24T09:28:11Z,2026-08-24T14:06:53Z,BaconMan1168,freeCodeCamp,freeCodeCamp
I_kwDOAbI7X88AAAABN-vs_A,69693,Use semantic keyboard markup in Python debugging techniques,CLOSED,2026-08-24T09:27:54Z,2026-08-24T13:46:27Z,wonganjatan,freeCodeCamp,freeCodeCamp
I_kwDOAbI7X88AAAABLvCpFA,69369,Missing information in What is node lecture,CLOSED,2026-08-06T14:58:19Z,2026-08-24T13:44:57Z,guptakrish490,freeCodeCamp,freeCodeCamp
I_kwDOAbI7X88AAAABN-v_pQ,69698,Use semantic keyboard markup in Spanish keyboard setup,CLOSED,2026-08-24T09:28:22Z,2026-08-24T13:37:38Z,priyanshupundir,freeCodeCamp,freeCodeCamp
I_kwDOAbI7X88AAAABN-wEUA,69699,Use semantic keyboard markup for Windows shortcut in Chinese keyboard setup,CLOSED,2026-08-24T09:28:28Z,2026-08-24T13:11:15Z,priyanshupundir,freeCodeCamp,freeCodeCamp
I_kwDOAbI7X88AAAABN-v8KA,69697,Use semantic keyboard markup for the Windows logo key,CLOSED,2026-08-24T09:28:17Z,2026-08-24T13:10:55Z,priyanshupundir,freeCodeCamp,freeCodeCamp
I_kwDOAbI7X88AAAABNe6rVA,69622,fs lesson incorrectly states that every method has a synchronous version,CLOSED,2026-08-20T04:49:52Z,2026-08-24T10:46:47Z,saswat9658,freeCodeCamp,freeCodeCamp
I_kwDOAbI7X88AAAABN7rQ8Q,69686,First-person plural subject pronoun in Working with Data in React,CLOSED,2026-08-24T00:39:16Z,2026-08-24T10:11:59Z,wonganjatan,freeCodeCamp,freeCodeCamp
I_kwDOAbI7X88AAAABN9ADEw,69688,Spelling Error,CLOSED,2026-08-24T05:15:39Z,2026-08-24T09:43:51Z,ingsunny,freeCodeCamp,freeCodeCamp
I_kwDOAbI7X88AAAABNhjDyw,69630,Add an accessible Nano keyboard shortcut summary,CLOSED,2026-08-20T10:49:25Z,2026-08-24T08:49:57Z,hishammoizuddin,freeCodeCamp,freeCodeCamp
I_kwDOAbI7X88AAAABN0pYkg,69672,Use semantic keyboard markup in Error Handling in Express Review,CLOSED,2026-08-22T15:22:52Z,2026-08-24T08:44:56Z,barry166,freeCodeCamp,freeCodeCamp
I_kwDOAbI7X88AAAABN0payg,69675,Use semantic keyboard markup in The Box Model Lesson A,CLOSED,2026-08-22T15:23:00Z,2026-08-24T08:44:20Z,laxitajain,freeCodeCamp,freeCodeCamp
I_kwDOAbI7X88AAAABN0pZZQ,69673,Use semantic keyboard markup in Back End Development and APIs Review,CLOSED,2026-08-22T15:22:55Z,2026-08-24T08:43:37Z,laxitajain,freeCodeCamp,freeCodeCamp
I_kwDOAbI7X88AAAABN0paIA,69674,Use semantic keyboard markup in How to Set Up the Chinese Keyboard on Your Computer,CLOSED,2026-08-22T15:22:58Z,2026-08-24T08:42:51Z,laxitajain,freeCodeCamp,freeCodeCamp
I_kwDOAbI7X88AAAABN0pSew,69671,Use semantic keyboard markup in Bash Commands Quiz,CLOSED,2026-08-22T15:22:28Z,2026-08-24T08:41:39Z,laxitajain,freeCodeCamp,freeCodeCamp
I_kwDOAbI7X88AAAABNZsUyw,69616,Downloadable PDF of lectures,OPEN,2026-08-19T15:27:17Z,,,freeCodeCamp,freeCodeCamp
I_kwDOAbI7X88AAAABNzD0ww,69668,Elon issues,CLOSED,2026-08-22T08:04:14Z,2026-08-22T09:04:45Z,,freeCodeCamp,freeCodeCamp
I_kwDOAbI7X88AAAABNzDtWQ,69667,Elon issues,CLOSED,2026-08-22T08:03:48Z,2026-08-22T09:04:44Z,,freeCodeCamp,freeCodeCamp
I_kwDOAbI7X861sa5w,60228,Persisting Last User Activity,OPEN,2025-05-08T09:05:56Z,,,freeCodeCamp,freeCodeCamp
I_kwDOAbI7X88AAAABGaEHkQ,68170,"FaqItem is using useState, but it is being called like a normal function",CLOSED,2026-06-23T10:33:27Z,2026-08-21T17:02:30Z,Sembauke,freeCodeCamp,freeCodeCamp
I_kwDOAbI7X88AAAABNhk6hg,69636,Add an accessible command-line shortcut summary,CLOSED,2026-08-20T10:53:04Z,2026-08-21T14:59:18Z,BaconMan1168,freeCodeCamp,freeCodeCamp
I_kwDOAbI7X88AAAABNhdBWg,69627,Add an accessible VS Code keyboard shortcut summary,CLOSED,2026-08-20T10:37:31Z,2026-08-21T14:59:16Z,BaconMan1168,freeCodeCamp,freeCodeCamp
I_kwDOAbI7X88AAAABLnFQbg,69324,Add Section Headers to Lecture: What Are Examples of Tree-structural Pseudo-classes?,CLOSED,2026-08-05T18:46:49Z,2026-08-21T14:40:26Z,Aman739-code,freeCodeCamp,freeCodeCamp
I_kwDOAbI7X88AAAABIYml3w,68719,Replace regex-based test cases in Shopping List App Workshop,CLOSED,2026-07-10T18:25:12Z,2026-08-21T14:30:37Z,chauhan-varun,freeCodeCamp,freeCodeCamp
I_kwDOAbI7X88AAAABIYmlWA,68718,Replace regex-based test cases in Shopping Cart Workshop,OPEN,2026-07-10T18:25:11Z,,,freeCodeCamp,freeCodeCamp
I_kwDOAbI7X88AAAABNhk5xw,69635,Use semantic keyboard markup for the VS Code Command Palette shortcut,CLOSED,2026-08-20T10:53:03Z,2026-08-21T07:54:06Z,Supravisor,freeCodeCamp,freeCodeCamp
I_kwDOAbI7X88AAAABNhnfYA,69638,Use semantic keyboard markup for Python shell shortcuts,CLOSED,2026-08-20T10:58:25Z,2026-08-21T07:49:40Z,Dazzanova,freeCodeCamp,freeCodeCamp
I_kwDOAbI7X88AAAABLnGysw,69345,"Add Section Headers to Lecture: What Is the @property Rule, and How Does It Work with Fallbacks?",CLOSED,2026-08-05T18:49:46Z,2026-08-21T07:46:14Z,jaykumar14921,freeCodeCamp,freeCodeCamp
I_kwDOAbI7X88AAAABNhjN5g,69631,Add an accessible file-management keyboard shortcut summary,CLOSED,2026-08-20T10:49:41Z,2026-08-21T07:10:54Z,hishammoizuddin,freeCodeCamp,freeCodeCamp
I_kwDOAbI7X88AAAABLnD1Zw,69314,"Add Section Headers to Lecture: What Is CSS Flexbox, and When Should You Use It?",CLOSED,2026-08-05T18:43:59Z,2026-08-21T06:20:42Z,laypatel13,freeCodeCamp,freeCodeCamp
I_kwDOAbI7X88AAAABNhk46g,69634,Use semantic keyboard markup for the performance metrics DevTools shortcut,CLOSED,2026-08-20T10:53:01Z,2026-08-20T18:27:40Z,caio-bittencourt,freeCodeCamp,freeCodeCamp
I_kwDOAbI7X88AAAABNhk4BA,69633,Use semantic keyboard markup for DevTools shortcuts,CLOSED,2026-08-20T10:52:59Z,2026-08-20T18:27:04Z,caio-bittencourt,freeCodeCamp,freeCodeCamp
I_kwDOAbI7X88AAAABNhk3MQ,69632,Use semantic keyboard markup for accessibility auditing shortcuts,CLOSED,2026-08-20T10:52:58Z,2026-08-20T18:26:27Z,caio-bittencourt,freeCodeCamp,freeCodeCamp
I_kwDOAbI7X88AAAABNhimHQ,69628,Use semantic keyboard markup for the INP DevTools shortcut,CLOSED,2026-08-20T10:48:35Z,2026-08-20T18:25:49Z,caio-bittencourt,freeCodeCamp,freeCodeCamp
I_kwDOAbI7X88AAAABNhiz7A,69629,Use semantic keyboard markup for the Vite server shortcut,CLOSED,2026-08-20T10:48:57Z,2026-08-20T18:24:01Z,caio-bittencourt,freeCodeCamp,freeCodeCamp
I_kwDOAbI7X88AAAABNhnegg,69637,Use semantic keyboard markup for the Express shutdown shortcut,CLOSED,2026-08-20T10:58:24Z,2026-08-20T18:17:44Z,BaconMan1168,freeCodeCamp,freeCodeCamp
I_kwDOAbI7X88AAAABNhngJQ,69639,Use semantic keyboard markup for screen reader shortcuts,CLOSED,2026-08-20T10:58:27Z,2026-08-20T18:08:57Z,aryanraj7791,freeCodeCamp,freeCodeCamp
I_kwDOAbI7X86rBZDN,58932,Update logging in routes,CLOSED,2025-02-21T14:59:14Z,2026-08-20T18:08:25Z,,freeCodeCamp,freeCodeCamp
I_kwDOAbI7X88AAAABNEAD8Q,69566,Correct the SPA navigation and performance explanations,CLOSED,2026-08-17T11:57:03Z,2026-08-20T14:08:32Z,jiubao76799-png,freeCodeCamp,freeCodeCamp
I_kwDOAbI7X88AAAABNhcxOA,69626,Use semantic keyboard markup for the Spotlight shortcut,CLOSED,2026-08-20T10:36:58Z,2026-08-20T13:51:55Z,BaconMan1168,freeCodeCamp,freeCodeCamp
I_kwDOAbI7X87dzwze,64545,"rdb-v9 codespaces link should point to ""Your codespaces"" instead of rdb-alpha repo",CLOSED,2025-12-11T23:39:06Z,2026-08-20T09:56:26Z,Sembauke,freeCodeCamp,freeCodeCamp
I_kwDOAbI7X88AAAABND9mtA,69560,Expand the computer basics catalog intro,CLOSED,2026-08-17T11:52:59Z,2026-08-20T09:28:12Z,KevinBamwisho,freeCodeCamp,freeCodeCamp
I_kwDOAbI7X88AAAABND-Wkg,69562,Fix React component explanations and examples,CLOSED,2026-08-17T11:54:14Z,2026-08-20T09:17:33Z,saswat9658,freeCodeCamp,freeCodeCamp
I_kwDOAbI7X88AAAABLnG_Ew,69349,"Add Section Headers to Lecture: What Is the Purpose of Functions, and How Do They Work?",CLOSED,2026-08-05T18:50:08Z,2026-08-20T08:53:37Z,SudhamshuH,freeCodeCamp,freeCodeCamp
I_kwDOAbI7X88AAAABND-fCQ,69563,Fix React component import and export explanations,CLOSED,2026-08-17T11:54:28Z,2026-08-19T20:39:55Z,Lostcrown301;a2937,freeCodeCamp,freeCodeCamp
I_kwDOAbI7X88AAAABND-q7A,69564,Update and clarify the React introduction,CLOSED,2026-08-17T11:54:46Z,2026-08-19T18:56:43Z,SuyoagP,freeCodeCamp,freeCodeCamp
I_kwDOAbI7X88AAAABLnGuig,69344,"Add Section Headers to Lecture: How Do the Navigator, Window, and Document Work?",CLOSED,2026-08-05T18:49:41Z,2026-08-19T18:38:10Z,Aman739-code,freeCodeCamp,freeCodeCamp
I_kwDOAbI7X88AAAABJjXlSw,68957,Monaco editor accessibility breaks with NVDA in later HTML lessons and becomes unusable starting with the first CSS lesson,OPEN,2026-07-21T06:24:49Z,,,freeCodeCamp,freeCodeCamp
I_kwDOAbI7X88AAAABNQnVyQ,69602,Typo in Library Manager Workshop Step 16,CLOSED,2026-08-18T18:04:39Z,2026-08-19T10:40:54Z,Abhi-kumar23,freeCodeCamp,freeCodeCamp
I_kwDOAbI7X88AAAABNOv_OA,69596,User Configuration Manager test hides missing variable hint,CLOSED,2026-08-18T14:21:09Z,2026-08-18T21:03:09Z,Kunal241207,freeCodeCamp,freeCodeCamp
I_kwDOAbI7X88AAAABNEEEcA,69568,Fix remaining issues in the code editors and IDEs lessons,CLOSED,2026-08-17T12:05:07Z,2026-08-18T18:59:23Z,BaconMan1168,freeCodeCamp,freeCodeCamp
I_kwDOAbI7X88AAAABNPN3WA,69598,Python Basics review includes concepts not taught in the module,CLOSED,2026-08-18T15:11:06Z,2026-08-18T18:49:52Z,Dazzanova,freeCodeCamp,freeCodeCamp
I_kwDOAbI7X88AAAABND95Dg,69561,Fix style issues in the safe computer sign-in lecture,CLOSED,2026-08-17T11:53:31Z,2026-08-18T15:44:11Z,dev-sriramp,freeCodeCamp,freeCodeCamp
I_kwDOAbI7X88AAAABMEbSfw,69453,Difference between acronyms and initialisms,CLOSED,2026-08-09T21:52:54Z,2026-08-18T08:19:26Z,,freeCodeCamp,freeCodeCamp
I_kwDOAbI7X88AAAABND_5zA,69565,Fix style issues in the JavaScript libraries and frameworks lecture,CLOSED,2026-08-17T11:56:46Z,2026-08-18T08:13:31Z,AnandKumar-001,freeCodeCamp,freeCodeCamp
I_kwDOAbI7X88AAAABLnGK4w,69335,Add Section Headers to Lecture: What Are Examples of Input Pseudo-classes?,CLOSED,2026-08-05T18:48:42Z,2026-08-18T07:32:13Z,Aman739-code;imsomilg,freeCodeCamp,freeCodeCamp
I_kwDOAbI7X88AAAABM9f2nQ,69553,Fortune Telling - Step 53,CLOSED,2026-08-16T14:41:11Z,2026-08-18T07:24:50Z,caio-bittencourt,freeCodeCamp,freeCodeCamp
I_kwDOAbI7X88AAAABLnFf4g,69328,"Add Section Headers to Lecture: What Are Pseudo-elements, and How Do They Work?",CLOSED,2026-08-05T18:47:19Z,2026-08-18T07:07:16Z,imsomilg;laypatel13,freeCodeCamp,freeCodeCamp
I_kwDOAbI7X88AAAABNEBYhw,69567,Correct computer hardware and development tool explanations,CLOSED,2026-08-17T11:59:46Z,2026-08-17T21:13:57Z,BaconMan1168,freeCodeCamp,freeCodeCamp
I_kwDOAbI7X88AAAABF-pJNQ,68087,captureOneTimePayment passes wrong arguments to onApprove in PayPal donation handler,CLOSED,2026-06-18T21:50:31Z,2026-08-17T17:14:33Z,,freeCodeCamp,freeCodeCamp
I_kwDOAbI7X88AAAABKEFOug,69026,Fix(api): incorrect fallback values in normalizeDate and getPoints,CLOSED,2026-07-24T16:40:23Z,2026-08-17T17:03:06Z,,freeCodeCamp,freeCodeCamp
I_kwDOAbI7X861UGwZ,60180,Handle log statements in redirection.ts,CLOSED,2025-05-06T08:17:32Z,2026-08-17T16:35:28Z,,freeCodeCamp,freeCodeCamp
I_kwDOAbI7X88AAAABIYmZqg,68697,Replace regex-based test cases in Build A Football Player Card Builder Workshop,CLOSED,2026-07-10T18:24:42Z,2026-08-17T11:44:09Z,jacobptnguyen,freeCodeCamp,freeCodeCamp
I_kwDOAbI7X88AAAABLnGetA,69340,"Add Section Headers to Lecture: What Are the Different Link States, and Why Are They Important?",CLOSED,2026-08-05T18:49:15Z,2026-08-17T11:33:12Z,laypatel13,freeCodeCamp,freeCodeCamp
I_kwDOAbI7X88AAAABGpWcdA,68228,add Number.isInteger to module review,OPEN,2026-06-25T05:38:29Z,,,freeCodeCamp,freeCodeCamp
I_kwDOAbI7X88AAAABIunPCg,68818,Replace regex-based test cases in Fortune Teller Lab,OPEN,2026-07-14T07:07:48Z,,,freeCodeCamp,freeCodeCamp
I_kwDOAbI7X88AAAABLnCccw,69286,Add Section Headers to Long-Form Lecture Challenges,OPEN,2026-08-05T18:41:14Z,,,freeCodeCamp,freeCodeCamp
I_kwDOAbI7X87X6o3A,63813,Workshop/Lab for exploring console?,OPEN,2025-11-13T19:13:51Z,,,freeCodeCamp,freeCodeCamp
I_kwDOAbI7X87Ns2u6,62351,"Make the ""Build a Magazine"" workshop HTML more semantic and update structural hierarchy ",OPEN,2025-09-24T21:42:43Z,,,freeCodeCamp,freeCodeCamp
I_kwDOAbI7X87aPEQC,64114,Workshop – Sensor Burst Analyzer,OPEN,2025-11-25T03:42:53Z,,,freeCodeCamp,freeCodeCamp
I_kwDOAbI7X87aPElK,64117,Workshop – Smart Campus Directory,OPEN,2025-11-25T03:43:53Z,,,freeCodeCamp,freeCodeCamp
I_kwDOAbI7X87aPEsi,64118,Lab – Device Loan Ledger,OPEN,2025-11-25T03:44:12Z,,,freeCodeCamp,freeCodeCamp
I_kwDOAbI7X87aPEw0,64119,Workshop – Guild Loot Tracker,OPEN,2025-11-25T03:44:25Z,,,freeCodeCamp,freeCodeCamp
I_kwDOAbI7X87aPE14,64121,Workshop – Artifact Provenance Auditor,OPEN,2025-11-25T03:44:42Z,,,freeCodeCamp,freeCodeCamp
I_kwDOAbI7X87aPFIx,64124,Workshop – Weather Trend Analyzer,OPEN,2025-11-25T03:45:33Z,,,freeCodeCamp,freeCodeCamp
I_kwDOAbI7X87aPFTT,64126,Lab – Data Sanitizer Sweep,OPEN,2025-11-25T03:46:02Z,,,freeCodeCamp,freeCodeCamp
I_kwDOAbI7X87ea0MK,64627,Create a prototype for Python functions workshop,OPEN,2025-12-15T17:22:08Z,,,freeCodeCamp,freeCodeCamp
I_kwDOAbI7X87-BL0e,66931,js-v9 missing workshop on using try/catch/finally (and throw),OPEN,2026-04-14T11:32:08Z,,,freeCodeCamp,freeCodeCamp
I_kwDOAbI7X88AAAABLhuhlA,69276,Indentation and seed continuity audit for workshop-plant-nursery-catalog,OPEN,2026-08-05T07:34:17Z,,,freeCodeCamp,freeCodeCamp
I_kwDOAbI7X88AAAABHOruMA,68417,[Umbrella issue] Replace regex-based test cases in JS labs and workshops,OPEN,2026-06-30T20:16:18Z,,,freeCodeCamp,freeCodeCamp
I_kwDOAbI7X88AAAABIYmZOA,68696,Replace regex-based test cases in Bug Emoji Picker Workshop,OPEN,2026-07-10T18:24:41Z,,,freeCodeCamp,freeCodeCamp
I_kwDOAbI7X88AAAABIYmeLg,68705,Replace regex-based test cases in Fruit Search App Workshop,OPEN,2026-07-10T18:24:53Z,,,freeCodeCamp,freeCodeCamp
I_kwDOAbI7X88AAAABIYmgqQ,68709,Replace regex-based test cases in Merge Sort Workshop,OPEN,2026-07-10T18:24:58Z,,,freeCodeCamp,freeCodeCamp
I_kwDOAbI7X88AAAABIYmhMg,68710,Replace regex-based test cases in Music Player Workshop,OPEN,2026-07-10T18:25:00Z,,,freeCodeCamp,freeCodeCamp
I_kwDOAbI7X88AAAABIYmk2w,68717,Replace regex-based test cases in Shape Manager Workshop,OPEN,2026-07-10T18:25:09Z,,,freeCodeCamp,freeCodeCamp
I_kwDOAbI7X88AAAABIYmoOg,68723,Replace regex-based test cases in Todo App Workshop,OPEN,2026-07-10T18:25:17Z,,,freeCodeCamp,freeCodeCamp
I_kwDOAbI7X88AAAABIud8yg,68810,Replace regex-based test cases in Sentence Maker Lab,OPEN,2026-07-14T06:44:58Z,,,freeCodeCamp,freeCodeCamp
I_kwDOAbI7X88AAAABLnC3vA,69288,Add Section Headers to Lecture: What Are Some Common ARIA States Used on Custom Control Elements?,OPEN,2026-08-05T18:42:05Z,,,freeCodeCamp,freeCodeCamp
I_kwDOAbI7X88AAAABLnC5zg,69289,Add Section Headers to Lecture: What Are Some Common Regular Expression Modifiers Used for Searching?,OPEN,2026-08-05T18:42:09Z,,,freeCodeCamp,freeCodeCamp
I_kwDOAbI7X88AAAABM9hs1Q,69554,curriculum: step 3 of [build a string inspector workshop],CLOSED,2026-08-16T14:47:56Z,2026-08-17T03:32:17Z,,freeCodeCamp,freeCodeCamp
I_kwDOAbI7X88AAAABMWZluQ,69484,Factorial Calculator only accepts regular function,CLOSED,2026-08-11T19:20:11Z,2026-08-17T08:30:35Z,wunianze666-netizen,freeCodeCamp,freeCodeCamp
I_kwDOAbI7X88AAAABLnGpWQ,69343,Add Section Headers to Lecture: What Are Best Practices for Designing Breadcrumbs?,CLOSED,2026-08-05T18:49:32Z,2026-08-17T08:19:59Z,jaykumar14921,freeCodeCamp,freeCodeCamp
I_kwDOAbI7X88AAAABM42P0g,69547,[Playwright] Fix an always-passing dialog assertion,CLOSED,2026-08-15T14:49:06Z,2026-08-17T07:47:35Z,,freeCodeCamp,freeCodeCamp
I_kwDOAbI7X88AAAABM8QF8w,69550,docs: fix minor formatting inconsistency and dead link in contributing guide,CLOSED,2026-08-16T08:31:11Z,2026-08-16T19:47:49Z,,freeCodeCamp,freeCodeCamp
I_kwDOAbI7X88AAAABMZJziw,69489,intro.json block order for Back End Development and APIs (v9) does not match the superblock JSON,CLOSED,2026-08-12T02:49:59Z,2026-08-16T13:22:49Z,minutechreview,freeCodeCamp,freeCodeCamp
I_kwDOAbI7X88AAAABLyw64Q,69383,[Translation Bug] Test requirement descriptions are inverted/swapped in Japanese (Responsive Web Design),CLOSED,2026-08-07T02:52:26Z,2026-08-16T02:34:05Z,camperbot,freeCodeCamp,freeCodeCamp
I_kwDOAbI7X88AAAABMCWTRA,69448,Display issue on a freecodecamp learning page,CLOSED,2026-08-09T13:20:37Z,2026-08-15T13:39:34Z,muhammadali-se,freeCodeCamp,freeCodeCamp
I_kwDOAbI7X88AAAABMpFK6g,69524,Content issues in the Working with Code Editors and IDEs lecture,CLOSED,2026-08-13T16:04:00Z,2026-08-14T18:40:07Z,Dazzanova,freeCodeCamp,freeCodeCamp
I_kwDOAbI7X88AAAABMoXpZg,69523,Fix style issues in the code editor keyboard shortcuts lecture,CLOSED,2026-08-13T14:44:45Z,2026-08-14T12:43:33Z,noqokhxnh,freeCodeCamp,freeCodeCamp
I_kwDOAbI7X88AAAABMpK27w,69526,Content issues in the Vite React project setup lesson,CLOSED,2026-08-13T16:13:28Z,2026-08-13T21:20:53Z,lberge17,freeCodeCamp,freeCodeCamp
I_kwDOAbI7X88AAAABMpKwYQ,69525,Content issues in the working with your keyboard and mouse lesson,CLOSED,2026-08-13T16:13:17Z,2026-08-13T21:17:35Z,Pastalikek65;huyenltnguyen,freeCodeCamp,freeCodeCamp
I_kwDOAbI7X88AAAABLnGPbw,69336,"Add Section Headers to Lecture: What Is the text-shadow Property, and How Does It Work?",CLOSED,2026-08-05T18:48:50Z,2026-08-13T19:21:04Z,laypatel13,freeCodeCamp,freeCodeCamp
I_kwDOAbI7X88AAAABMLHURw,69469,Fix wording and capitalization inconsistencies in What Is a Code Editor and IDE?,CLOSED,2026-08-10T15:53:42Z,2026-08-13T16:56:37Z,subodh-77,freeCodeCamp,freeCodeCamp
I_kwDOAbI7X88AAAABIYmpYg,68725,Replace regex-based test cases in Wildlife Tracker Workshop,CLOSED,2026-07-10T18:25:20Z,2026-08-13T15:58:48Z,eva-lng,freeCodeCamp,freeCodeCamp
I_kwDOAbI7X88AAAABLnG67A,69348,Add Section Headers to Lecture: How Does Operator Precedence Work?,CLOSED,2026-08-05T18:50:00Z,2026-08-13T14:51:18Z,typovrak,freeCodeCamp,freeCodeCamp
I_kwDOAbI7X88AAAABMnMeUQ,69521,Docs: Update formatting in documentation guidelines,CLOSED,2026-08-13T12:25:37Z,2026-08-13T13:16:07Z,,freeCodeCamp,freeCodeCamp
I_kwDOAbI7X88AAAABMcbU7g,69493,Fix grammar and formatting issues in the How to Install Visual Studio Code onto Your Computer lecture,CLOSED,2026-08-12T10:54:59Z,2026-08-13T07:59:58Z,d4-dhiraj,freeCodeCamp,freeCodeCamp
I_kwDOAbI7X88AAAABMiBUAg,69517,Refactor: Use `Languages` enum for `clientLocale` in `video-player` component,CLOSED,2026-08-12T22:45:43Z,2026-08-13T00:38:48Z,huyenltnguyen;syedsohailhussain1,freeCodeCamp,freeCodeCamp
I_kwDOAbI7X88AAAABMfIjDQ,69508,intro.json block order for The Odin Project does not match the superblock JSON,CLOSED,2026-08-12T16:10:27Z,2026-08-13T00:15:23Z,abdulwaarith0,freeCodeCamp,freeCodeCamp
I_kwDOAbI7X88AAAABMfIfdw,69507,intro.json block order for Learn SQL and Bash does not match the superblock JSON,CLOSED,2026-08-12T16:10:19Z,2026-08-12T21:57:04Z,Your Name,freeCodeCamp,freeCodeCamp
I_kwDOAbI7X88AAAABMfInuw,69509,javascript-fundamentals-review is missing the lab-story-fragment-restoration block,CLOSED,2026-08-12T16:10:37Z,2026-08-12T21:50:25Z,Kunal241207,freeCodeCamp,freeCodeCamp
I_kwDOAbI7X88AAAABMcbZig,69494,Fix wrong preposition in the challengeOrder title for the VS Code installation lecture,CLOSED,2026-08-12T10:55:09Z,2026-08-12T14:21:04Z,MahyarCode,freeCodeCamp,freeCodeCamp
I_kwDOAbI7X88AAAABL1ChpA,69393,Content and formatting problems in the What is Node lesson of the Introduction to Node.js module,CLOSED,2026-08-07T09:29:32Z,2026-08-12T11:31:15Z,Lavanya-N24,freeCodeCamp,freeCodeCamp
I_kwDOAbI7X88AAAABMHKJtw,69458,"Grammar, spelling, and capitalization errors in What Are the Different Types of Internet Service Providers",CLOSED,2026-08-10T07:38:37Z,2026-08-12T10:26:23Z,Gilbert;zairahira,freeCodeCamp,freeCodeCamp
I_kwDOAbI7X88AAAABMAUtUg,69446,Clarify lack of support on archived course pages,OPEN,2026-08-09T03:01:14Z,,,freeCodeCamp,freeCodeCamp
I_kwDOAbI7X88AAAABL0qOLA,69390,Remove stray article before a code statement in Toggle Text App workshop Step 11,CLOSED,2026-08-07T08:34:02Z,2026-08-11T21:18:40Z,AzazelSensei,freeCodeCamp,freeCodeCamp
I_kwDOAbI7X88AAAABMHJoSA,69457,Grammar and tool-name casing errors in What Are the Different Types of Tools Professional Developers Use,CLOSED,2026-08-10T07:37:23Z,2026-08-11T15:16:58Z,arjun2075,freeCodeCamp,freeCodeCamp
I_kwDOAbI7X88AAAABMLLgUw,69470,Copy and formatting errors in How to Create a Project and Run Your Code Locally in VS Code,CLOSED,2026-08-10T16:01:33Z,2026-08-11T14:34:38Z,nidaAtGithub,freeCodeCamp,freeCodeCamp
I_kwDOAbI7X88AAAABMLMdPg,69471,Inconsistent extension name styling and unclear wording in What Are Some Good VS Code Extensions You Can Use in Your Editor?,CLOSED,2026-08-10T16:03:19Z,2026-08-11T09:36:50Z,jacobptnguyen,freeCodeCamp,freeCodeCamp
I_kwDOAbI7X87jCu44,65122,Dependency Dashboard,OPEN,2026-01-13T14:35:39Z,,,freeCodeCamp,freeCodeCamp
I_kwDOAbI7X88AAAABMMK3lw,69473,Donate page loading blank.,CLOSED,2026-08-10T18:10:56Z,2026-08-10T19:04:19Z,ojeytonwilliams,freeCodeCamp,freeCodeCamp
I_kwDOAbI7X88AAAABLnGbGw,69339,Add Section Headers to Lecture: How Do You Create Good Background and Foreground Contrast in Your Designs?,CLOSED,2026-08-05T18:49:08Z,2026-08-10T15:46:31Z,waleed-akram,freeCodeCamp,freeCodeCamp
I_kwDOAbI7X88AAAABL0q9Iw,69392,"Missing test, incomplete hint, and stray assertion arguments in the Build a Mood Board lab",CLOSED,2026-08-07T08:35:40Z,2026-08-10T14:15:44Z,Naman-bh,freeCodeCamp,freeCodeCamp
I_kwDOAbI7X88AAAABMIHrOw,69459,Grammar and accuracy errors in the What Are the Basic Parts of a Computer lecture,CLOSED,2026-08-10T09:45:23Z,2026-08-10T14:06:42Z,SachaKefif,freeCodeCamp,freeCodeCamp
I_kwDOAbI7X88AAAABDtQBCQ,67661,RTL language prep umbrella issue. WIP,OPEN,2026-05-28T20:53:34Z,,,freeCodeCamp,freeCodeCamp
I_kwDOAbI7X88AAAABIYmdrQ,68704,Replace regex-based test cases in Fortune Teller App Workshop,CLOSED,2026-07-10T18:24:52Z,2026-08-10T09:40:20Z,jaykumar14921,freeCodeCamp,freeCodeCamp
I_kwDOAbI7X88AAAABLwEdGw,69375,Backend lessons don't mention ES module imports,CLOSED,2026-08-06T17:34:35Z,2026-08-10T07:58:40Z,,freeCodeCamp,freeCodeCamp
I_kwDOAbI7X88AAAABLnFcbg,69327,"Add Section Headers to Lecture: What Is the Difference Between innerText, textContent, and innerHTML?",CLOSED,2026-08-05T18:47:12Z,2026-08-10T07:15:02Z,SaikiranRayabarapu,freeCodeCamp,freeCodeCamp
I_kwDOAbI7X88AAAABL1CmYA,69394,Inaccurate threading statements and formatting problems in the Node advantages and disadvantages lesson,CLOSED,2026-08-07T09:29:43Z,2026-08-10T01:28:36Z,Sk Nayaz Ahmed,freeCodeCamp,freeCodeCamp
I_kwDOAbI7X88AAAABLHlxJg,69193,Subject-verb disagreement and wrong selector term in Step 54 of the Cafe Menu workshop,CLOSED,2026-08-02T06:35:44Z,2026-08-10T00:53:55Z,Supravisor,freeCodeCamp,freeCodeCamp
I_kwDOAbI7X88AAAABLOG6JA,69229,British spelling of gray in Workshop Cafe Menu Steps 78 through 81,CLOSED,2026-08-03T08:44:16Z,2026-08-10T00:45:25Z,Supravisor,freeCodeCamp,freeCodeCamp
MDU6SXNzdWU4MDUxMzMwNjU=,41031,i18n-Launch: Optimise Meta Tags for Superblocks,OPEN,2021-02-10T03:35:41Z,,,freeCodeCamp,freeCodeCamp
I_kwDOAbI7X88AAAABL0qIMQ,69389,Fix backwards example reference in Toggle Text App workshop Step 9,CLOSED,2026-08-07T08:33:50Z,2026-08-09T19:19:49Z,caige13,freeCodeCamp,freeCodeCamp
I_kwDOAbI7X88AAAABMC7Ktg,69450,About US page,CLOSED,2026-08-09T15:40:23Z,2026-08-09T16:19:58Z,,freeCodeCamp,freeCodeCamp
I_kwDOAbI7X88AAAABL_QxQQ,69432,challenge-parser: fill-in-the-blank without a BLANK token crashes with TypeError,CLOSED,2026-08-08T21:14:18Z,2026-08-08T21:33:10Z,,freeCodeCamp,freeCodeCamp
I_kwDOAbI7X88AAAABL_QwYA,69431,Exam results: blob download URL is recreated on every render and leaked,CLOSED,2026-08-08T21:14:15Z,2026-08-08T21:33:10Z,,freeCodeCamp,freeCodeCamp
I_kwDOAbI7X88AAAABL_QvVQ,69430,Timed-out challenge tests show 'undefined' in the failure message,CLOSED,2026-08-08T21:14:10Z,2026-08-08T21:33:09Z,,freeCodeCamp,freeCodeCamp
I_kwDOAbI7X88AAAABL_QuJA,69429,Search: hovering a suggestion does not highlight it,CLOSED,2026-08-08T21:14:05Z,2026-08-08T21:33:00Z,,freeCodeCamp,freeCodeCamp
I_kwDOAbI7X88AAAABL_QtVg,69428,Curricula sidebar: completed blocks are never shown as complete,CLOSED,2026-08-08T21:14:01Z,2026-08-08T21:27:45Z,,freeCodeCamp,freeCodeCamp
I_kwDOAbI7X88AAAABLxbQQg,69382,File Metadata Microservice: last test can't pass because the proxy fetch has no Response.blob(),CLOSED,2026-08-06T21:55:38Z,2026-08-08T16:52:05Z,,freeCodeCamp,freeCodeCamp
I_kwDOAbI7X88AAAABLwxh6A,69378,Incorrect sentence casing,CLOSED,2026-08-06T19:43:31Z,2026-08-08T12:57:39Z,huyenltnguyen;wehamed,freeCodeCamp,freeCodeCamp
I_kwDOAbI7X88AAAABLnDFrQ,69295,Add Section Headers to Lecture: What Are the Different Types of CSS Combinators?,CLOSED,2026-08-05T18:42:34Z,2026-08-08T12:12:27Z,SaikiranRayabarapu,freeCodeCamp,freeCodeCamp
I_kwDOAbI7X88AAAABL6y5qg,69418,cnp,CLOSED,2026-08-07T23:49:25Z,2026-08-08T03:52:42Z,,freeCodeCamp,freeCodeCamp
I_kwDOAbI7X88AAAABL6zhTw,69419,Def,CLOSED,2026-08-07T23:52:18Z,2026-08-08T03:52:36Z,,freeCodeCamp,freeCodeCamp
I_kwDOAbI7X88AAAABL0qO1w,69391,Restore the missing semicolon in the Toggle Text App workshop Step 13 solution,CLOSED,2026-08-07T08:34:03Z,2026-08-07T21:38:19Z,huyenltnguyen;soumyakumari0205-svg,freeCodeCamp,freeCodeCamp
I_kwDOAbI7X88AAAABL1Cq_w,69395,"Wrong PowerShell product name, curly quotes, and heading case problems in the Node installation lesson",CLOSED,2026-08-07T09:29:53Z,2026-08-07T21:12:54Z,Dev-Mayuresh,freeCodeCamp,freeCodeCamp
I_kwDOAbI7X88AAAABLvvA3g,69373,Envelope Budget - Step 48,CLOSED,2026-08-06T16:34:30Z,2026-08-07T16:44:31Z,MkhalFadel,freeCodeCamp,freeCodeCamp
I_kwDOAbI7X88AAAABL1Cy8Q,69396,Challenge titles in the lecture-working-with-nodejs-and-event-driven-architecture block JSON are not in title case,CLOSED,2026-08-07T09:30:08Z,2026-08-07T16:15:48Z,KesleyDavid,freeCodeCamp,freeCodeCamp
I_kwDOAbI7X88AAAABLnGX6A,69338,"Add Section Headers to Lecture: What Is the aria-live Attribute, and How Does It Work?",CLOSED,2026-08-05T18:49:04Z,2026-08-07T16:01:38Z,laypatel13,freeCodeCamp,freeCodeCamp
I_kwDOAbI7X88AAAABL1C4uw,69397,Block title for lecture-working-with-nodejs-and-event-driven-architecture in intro.json uses NodeJS and sentence case,CLOSED,2026-08-07T09:30:19Z,2026-08-07T15:47:08Z,gideonadeti,freeCodeCamp,freeCodeCamp
I_kwDOAbI7X88AAAABLnG4cw,69347,Add Section Headers to Lecture: What Is the Difference Between content-box and border-box?,CLOSED,2026-08-05T18:49:55Z,2026-08-07T15:23:47Z,SudhamshuH;imsomilg,freeCodeCamp,freeCodeCamp
I_kwDOAbI7X88AAAABLtyItw,69361,Remove extra period,CLOSED,2026-08-06T12:33:55Z,2026-08-07T13:11:50Z,huyenltnguyen;raitaskeen,freeCodeCamp,freeCodeCamp
I_kwDOAbI7X88AAAABL1Oi3A,69399,intro.json block order for Front End Development Libraries (v9) does not match the superblock JSON,CLOSED,2026-08-07T09:55:55Z,2026-08-07T12:23:26Z,Dazzanova,freeCodeCamp,freeCodeCamp
I_kwDOAbI7X88AAAABLucWOA,69365,Misleading code example in backend lesson,CLOSED,2026-08-06T13:53:26Z,2026-08-07T09:30:40Z,Rashid0312;majestic-owl448,freeCodeCamp,freeCodeCamp
I_kwDOAbI7X88AAAABLnGh-w,69341,"Add Section Headers to Lecture: What Are Classes, and How Do They Work in JavaScript?",CLOSED,2026-08-05T18:49:20Z,2026-08-07T09:27:46Z,majestic-owl448;priyansh3010,freeCodeCamp,freeCodeCamp
I_kwDOAbI7X88AAAABLnGmXg,69342,Add Section Headers to Lecture: What Are Font Families and How Do They Work?,CLOSED,2026-08-05T18:49:27Z,2026-08-07T08:13:24Z,SudhamshuH,freeCodeCamp,freeCodeCamp
I_kwDOAbI7X88AAAABLnFqDg,69330,Add Section Headers to Lecture: What Is the Difference Between Presentational and Semantic HTML?,CLOSED,2026-08-05T18:47:39Z,2026-08-07T08:10:56Z,Webmekanic,freeCodeCamp,freeCodeCamp
I_kwDOAbI7X88AAAABLyyZzA,69384,[Translation Bug] Test requirement descriptions are inverted/swapped in Japanese (Responsive Web Design),CLOSED,2026-08-07T02:56:51Z,2026-08-07T07:42:03Z,,freeCodeCamp,freeCodeCamp
I_kwDOAbI7X88AAAABEE8zEA,67770,Course progress steps are not conveyed to the screen reader users,OPEN,2026-06-02T05:06:10Z,,,freeCodeCamp,freeCodeCamp
I_kwDOAbI7X88AAAABK-HRcw,69150,Invalid CSS placeholder and class name described as a selector in Step 22 of the Cafe Menu workshop,CLOSED,2026-07-31T15:50:22Z,2026-08-06T17:16:49Z,1t1sCooL,freeCodeCamp,freeCodeCamp
I_kwDOAbI7X88AAAABLnF61A,69332,"Add Section Headers to Lecture: What Are Regex Quantifiers, and How Do They Work?",CLOSED,2026-08-05T18:48:10Z,2026-08-06T15:52:40Z,SudhamshuH,freeCodeCamp,freeCodeCamp
I_kwDOAbI7X88AAAABIYmaMQ,68698,Replace regex-based test cases in Calculator Workshop,CLOSED,2026-07-10T18:24:44Z,2026-08-06T14:55:23Z,jeffrinkdev,freeCodeCamp,freeCodeCamp
I_kwDOAbI7X88AAAABLnFVEg,69325,Add Section Headers to Lecture: How Does the This Keyword Work?,CLOSED,2026-08-05T18:46:58Z,2026-08-06T14:40:09Z,Priyesh1311421,freeCodeCamp,freeCodeCamp
I_kwDOAbI7X85fQ8lG,49492,Show warning to users when they try to source the wrong files,CLOSED,2023-02-24T09:45:10Z,2026-08-06T13:44:41Z,Sembauke,freeCodeCamp,freeCodeCamp
I_kwDOAbI7X88AAAABLl78Ew,69283,"Suggestion for clarifying ""What is CSS Specificity, and the Specificity for Inline, Internal, and External CSS""",CLOSED,2026-08-05T16:14:05Z,2026-08-06T12:29:59Z,Supravisor;huyenltnguyen,freeCodeCamp,freeCodeCamp
I_kwDOAbI7X88AAAABLN4dpQ,69225,Workshop Cafe Menu Step 67 description credits the border color change with the line height,CLOSED,2026-08-03T08:15:26Z,2026-08-06T09:02:45Z,Sagar-Kumar01,freeCodeCamp,freeCodeCamp
I_kwDOAbI7X88AAAABLnC1Wg,69287,Add Section Headers to Lecture: How Do You Work with External Fonts Like Font Squirrel and Google Fonts?,CLOSED,2026-08-05T18:42:00Z,2026-08-06T09:00:27Z,darmijo15,freeCodeCamp,freeCodeCamp
I_kwDOAbI7X88AAAABLj-HYA,69279,Rounding edge case in challenge-359,CLOSED,2026-08-05T12:34:10Z,2026-08-05T18:23:28Z,Rikka-8964,freeCodeCamp,freeCodeCamp
I_kwDOAbI7X88AAAABD4hlXA,67721,[Umbrella issue] Curriculum Audit - Editable region markers and seed continuity — v9 workshops,CLOSED,2026-05-30T20:13:02Z,2026-08-05T16:59:03Z,Vishhh03;majestic-owl448,freeCodeCamp,freeCodeCamp
I_kwDOAbI7X88AAAABLOUf5Q,69237,"Wording, example, and markup problems across the two CSS Flexbox lectures",CLOSED,2026-08-03T09:13:01Z,2026-08-05T15:50:02Z,Kunal241207,freeCodeCamp,freeCodeCamp
I_kwDOAbI7X88AAAABLO47Hw,69245,Step 15 solution of the Greeting Bot workshop does not match the step seed,CLOSED,2026-08-03T10:23:17Z,2026-08-05T10:23:54Z,SnehaAN144,freeCodeCamp,freeCodeCamp
I_kwDOAbI7X88AAAABLC2miw,69171,2026_08_01 Coding Challenge 356: Magic Square Solver - the link to the task is in the table for August 2025,CLOSED,2026-08-01T08:28:03Z,2026-08-02T06:42:56Z,,freeCodeCamp,freeCodeCamp
I_kwDOAbI7X88AAAABLRSkZQ,69255,Unit Test Button Names in Product Showcase Lab,CLOSED,2026-08-03T15:09:40Z,2026-08-05T07:08:17Z,MkhalFadel;imsomilg,freeCodeCamp,freeCodeCamp
I_kwDOAbI7X88AAAABIBUpjw,68614,100K graduates for site adverts,CLOSED,2026-07-08T00:21:59Z,2026-07-12T12:24:20Z,Sushanth012,freeCodeCamp,freeCodeCamp
I_kwDOAbI7X88AAAABLN5DRw,69226,Typo in the second hint of Workshop Cafe Menu Step 76,CLOSED,2026-08-03T08:16:35Z,2026-08-04T20:58:38Z,manjushree66,freeCodeCamp,freeCodeCamp
I_kwDOAbI7X88AAAABIYmOYg,68689,Replace regex-based test cases in Nth Fibonacci Number Lab,CLOSED,2026-07-10T18:24:12Z,2026-08-04T06:50:52Z,SanthoshBalagur;majestic-owl448,freeCodeCamp,freeCodeCamp
I_kwDOAbI7X88AAAABLQkUwg,69252,The concept of redeclaring variables isn't taught but asked in the quiz,CLOSED,2026-08-03T13:51:21Z,2026-08-04T06:02:17Z,nguyenduybao1,freeCodeCamp,freeCodeCamp
I_kwDOAbI7X88AAAABLU9cFw,69262,Replace `h3` with `span` in donate FAQ,CLOSED,2026-08-03T23:40:40Z,2026-08-04T00:55:41Z,duna-akin,freeCodeCamp,freeCodeCamp
I_kwDOAbI7X88AAAABLOIGZw,69230,Workshop Cafe Menu Step 82 description compares a space to a space,CLOSED,2026-08-03T08:46:41Z,2026-08-03T22:18:47Z,aryanraj7791,freeCodeCamp,freeCodeCamp
I_kwDOAbI7X88AAAABLOTHMg,69234,Step 88 of the Cafe Menu workshop seed drops the closing div,CLOSED,2026-08-03T09:10:14Z,2026-08-03T22:17:44Z,nmleuz,freeCodeCamp,freeCodeCamp
I_kwDOAbI7X88AAAABKZ3I0A,69090,Cannot commit files locally that exist on upstream branch - developer flow broken without work-arounds,CLOSED,2026-07-27T23:16:26Z,2026-08-03T20:59:07Z,,freeCodeCamp,freeCodeCamp
I_kwDOAbI7X88AAAABLNR4lQ,69221,Improve mobile menu overlay touch target sizes and scroll behavior,CLOSED,2026-08-03T06:45:17Z,2026-08-03T19:16:29Z,,freeCodeCamp,freeCodeCamp
I_kwDOAbI7X88AAAABLOJCdg,69231,Workshop Cafe Menu Step 86 seed drops the closing div and the description writes url in lowercase,CLOSED,2026-08-03T08:48:31Z,2026-08-03T17:24:00Z,mannoz369,freeCodeCamp,freeCodeCamp
I_kwDOAbI7X88AAAABLOTPVg,69235,Filler wording in the Step 89 instruction of the Cafe Menu workshop,CLOSED,2026-08-03T09:10:29Z,2026-08-03T17:11:41Z,Masroor Hosseini;masroorhosseini,freeCodeCamp,freeCodeCamp
I_kwDOAbI7X88AAAABLOTA0Q,69233,Unclosed div and description wording problems in Step 87 of the Cafe Menu workshop,CLOSED,2026-08-03T09:10:02Z,2026-08-03T14:05:37Z,4ktLuffy,freeCodeCamp,freeCodeCamp
I_kwDOAbI7X88AAAABKSfyCg,69063,Hint wording and description issues in Build a Hotel Feedback Form Steps 10 to 14,CLOSED,2026-07-27T07:22:05Z,2026-08-03T10:45:52Z,majestic-owl448;vinniit-23,freeCodeCamp,freeCodeCamp
I_kwDOAbI7X88AAAABLOTVIA,69236,Redundant page reference in the Cafe Menu workshop catalog description,CLOSED,2026-08-03T09:10:40Z,2026-08-03T10:19:29Z,Siripb2,freeCodeCamp,freeCodeCamp
I_kwDOAbI7X88AAAABLOopCQ,69239,Problem with build an budget app,CLOSED,2026-08-03T09:50:19Z,2026-08-03T09:59:44Z,,freeCodeCamp,freeCodeCamp
I_kwDOAbI7X88AAAABLOqyWw,69244,Problem with build an budget app,CLOSED,2026-08-03T09:54:45Z,2026-08-03T09:56:12Z,,freeCodeCamp,freeCodeCamp
I_kwDOAbI7X88AAAABLCuMMg,69170,Date object constructor does not always require a string,CLOSED,2026-08-01T07:52:07Z,2026-08-03T08:16:47Z,caio-bittencourt,freeCodeCamp,freeCodeCamp
I_kwDOAbI7X88AAAABLHv5hw,69197,British spelling in Step 64 of the Cafe Menu workshop,CLOSED,2026-08-02T07:24:46Z,2026-08-03T07:44:09Z,abdulwaarith0,freeCodeCamp,freeCodeCamp
I_kwDOAbI7X88AAAABK-E3bg,69148,"Writing and formatting problems in the ""What Are Some Common Flex Properties, and How Do They Work?"" lecture",CLOSED,2026-07-31T15:45:14Z,2026-08-03T07:38:11Z,enamulhasan01,freeCodeCamp,freeCodeCamp
I_kwDOAbI7X88AAAABIYmiwQ,68713,Replace regex-based test cases in Plant Nursery Catalog Workshop,CLOSED,2026-07-10T18:25:04Z,2026-08-03T07:36:56Z,eng-abdelrahman-sharaf,freeCodeCamp,freeCodeCamp
I_kwDOAbI7X88AAAABLCoHgA,69167,Missing semicolon in the .price declaration carried through the Cafe Menu workshop seeds,CLOSED,2026-08-01T07:26:20Z,2026-08-03T07:34:35Z,MkhalFadel,freeCodeCamp,freeCodeCamp
I_kwDOAbI7X88AAAABLNfYZA,69223,fix(curriculum): correct Date object constructor input parameter explanation,CLOSED,2026-08-03T07:16:59Z,2026-08-03T07:33:33Z,,freeCodeCamp,freeCodeCamp
I_kwDOAbI7X88AAAABLHluyg,69192,Missing code formatting and singular nouns in Step 52 of the Cafe Menu workshop,CLOSED,2026-08-02T06:35:33Z,2026-08-03T07:20:26Z,lyeba19,freeCodeCamp,freeCodeCamp
I_kwDOAbI7X88AAAABLENdhw,69186,Clarify logging instructions in “Build a Sentence Maker” lab challenge (tests 16 & 26),CLOSED,2026-08-01T15:04:50Z,2026-08-03T06:49:11Z,Sembauke,freeCodeCamp,freeCodeCamp
I_kwDOAbI7X88AAAABLHlz8A,69194,Incomplete sentence and missing code formatting in Step 55 of the Cafe Menu workshop,CLOSED,2026-08-02T06:35:59Z,2026-08-03T06:48:33Z,siuu07,freeCodeCamp,freeCodeCamp
I_kwDOAbI7X88AAAABLHl3Hg,69195,Missing preposition in Step 58 of the Cafe Menu workshop,CLOSED,2026-08-02T06:36:13Z,2026-08-02T13:29:32Z,raahu1l,freeCodeCamp,freeCodeCamp
I_kwDOAbI7X88AAAABIYmevQ,68706,Replace regex-based test cases in Greeting Bot Workshop,CLOSED,2026-07-10T18:24:54Z,2026-08-02T10:56:48Z,Er-SarthakBansal,freeCodeCamp,freeCodeCamp
I_kwDOAbI7X88AAAABLHv9ng,69198,Writing problems in Step 66 of the Cafe Menu workshop,CLOSED,2026-08-02T07:25:04Z,2026-08-02T10:24:55Z,NitheshNaik,freeCodeCamp,freeCodeCamp
I_kwDOAbI7X88AAAABLCoNfw,69168,Hint in Step 48 of the Cafe Menu workshop does not say which section it checks,CLOSED,2026-08-01T07:26:42Z,2026-08-02T06:44:03Z,SujayBWJ,freeCodeCamp,freeCodeCamp
I_kwDOAbI7X88AAAABIX7mog,68680,Unable to copy text in the code editor.,OPEN,2026-07-10T16:42:12Z,,,freeCodeCamp,freeCodeCamp
I_kwDOAbI7X88AAAABLCoCDA,69166,Inconsistent code formatting of a class name in Step 41 of the Cafe Menu workshop,CLOSED,2026-08-01T07:26:00Z,2026-08-01T21:32:36Z,MeiSiristhebest,freeCodeCamp,freeCodeCamp
I_kwDOAbI7X88AAAABLCoirw,69169,Count formatted as code in Step 51 of the Cafe Menu workshop,CLOSED,2026-08-01T07:28:08Z,2026-08-01T14:58:08Z,mohamedmastouri-hue,freeCodeCamp,freeCodeCamp
I_kwDOAbI7X88AAAABK6O1pg,69139,"Event bubbling and deglatation lesson missing interactive editor while mentioning ""clicking on the span""",CLOSED,2026-07-31T06:36:55Z,2026-08-01T14:40:00Z,SudhamshuH,freeCodeCamp,freeCodeCamp
I_kwDOAbI7X88AAAABK-FV2Q,69149,"Content problems in the ""What Is CSS Flexbox, and When Should You Use It?"" lecture",CLOSED,2026-07-31T15:46:19Z,2026-08-01T11:42:17Z,Kunal241207,freeCodeCamp,freeCodeCamp
I_kwDOAbI7X88AAAABK-IDjw,69153,Relative clause attaches to the wrong noun in Step 34 of the Cafe Menu workshop,CLOSED,2026-07-31T15:52:01Z,2026-08-01T09:32:51Z,d3vpool,freeCodeCamp,freeCodeCamp
I_kwDOAbI7X88AAAABIYmYzQ,68695,Replace regex-based test cases in Breadth First Search Workshop,CLOSED,2026-07-10T18:24:40Z,2026-08-01T08:49:59Z,bdtripp,freeCodeCamp,freeCodeCamp
I_kwDOAbI7X88AAAABK-HW-g,69151,Step 25 of the Cafe Menu workshop says one `article` element holds every coffee,CLOSED,2026-07-31T15:50:34Z,2026-08-01T07:59:20Z,TheRodzz,freeCodeCamp,freeCodeCamp
I_kwDOAbI7X88AAAABKSMXAw,69055,"Fix punctuation, immutability example, and intro copy in the Introduction to Strings lecture block",CLOSED,2026-07-27T06:42:37Z,2026-08-01T07:23:45Z,anjupathak03;majestic-owl448,freeCodeCamp,freeCodeCamp
I_kwDOAbI7X88AAAABK-Hc7w,69152,Singular noun for four coffees in Step 27 of the Cafe Menu workshop,CLOSED,2026-07-31T15:50:47Z,2026-08-01T07:00:13Z,benpaul2002,freeCodeCamp,freeCodeCamp
I_kwDOAbI7X88AAAABKSfyzg,69064,Hint wording issues in Build a Hotel Feedback Form Steps 15 to 18,CLOSED,2026-07-27T07:22:07Z,2026-07-31T21:16:33Z,Funmax365,freeCodeCamp,freeCodeCamp
I_kwDOAbI7X88AAAABK-I-QA,69154,Wrong possessive form in Step 37 of the Cafe Menu workshop,CLOSED,2026-07-31T15:53:55Z,2026-07-31T21:04:06Z,developmentwithparth1311,freeCodeCamp,freeCodeCamp
I_kwDOAbI7X88AAAABKTgEGg,69075,Cafe Menu workshop hints test source text instead of the rendered DOM,CLOSED,2026-07-27T09:35:23Z,2026-07-31T18:26:08Z,majestic-owl448;rohit-h11,freeCodeCamp,freeCodeCamp
I_kwDOAbI7X88AAAABKTgGdA,69076,Cafe Menu workshop hints have assertion and setup problems,CLOSED,2026-07-27T09:35:28Z,2026-07-31T15:44:19Z,ManuelOrji2;TEE0207,freeCodeCamp,freeCodeCamp
I_kwDOAbI7X88AAAABKSf7GA,69066,Instruction and hint wording issues in Build a Hotel Feedback Form Steps 23 to 26,CLOSED,2026-07-27T07:22:21Z,2026-07-31T08:25:21Z,Nishant9764,freeCodeCamp,freeCodeCamp
I_kwDOAbI7X88AAAABHQp8yg,68424,inflexible test in js Build a Countdown lab,CLOSED,2026-07-01T03:36:58Z,2026-07-31T07:54:40Z,laypatel13,freeCodeCamp,freeCodeCamp
I_kwDOAbI7X88AAAABKSNnxw,69058,Wording and formatting issues in the type() and isinstance() lesson,CLOSED,2026-07-27T06:45:41Z,2026-07-31T07:26:22Z,prateek-dagar,freeCodeCamp,freeCodeCamp
I_kwDOAbI7X88AAAABIgxTLw,68744,JS cert: question's answer on functions lecture is misleading,CLOSED,2026-07-12T09:25:47Z,2026-07-31T07:24:16Z,Jamwilltim,freeCodeCamp,freeCodeCamp
I_kwDOAbI7X88AAAABKwvSuA,69121,Missing backticks around a CSS value in a hint of Step 17 of the Cafe Menu workshop,CLOSED,2026-07-30T07:04:57Z,2026-07-30T17:47:41Z,bhavana-mb,freeCodeCamp,freeCodeCamp
I_kwDOAbI7X88AAAABKSfw_Q,69062,Grammar and formatting issues in Build a Hotel Feedback Form Steps 2 to 7 and the block intro,CLOSED,2026-07-27T07:22:03Z,2026-07-30T17:23:20Z,rohit-h11,freeCodeCamp,freeCodeCamp
I_kwDOAbI7X87bNhO2,64229,`--fcc-expected--` and `--fcc-actual--` handle falsy values incorrecly,CLOSED,2025-11-30T13:18:03Z,2026-07-30T16:13:34Z,Sembauke,freeCodeCamp,freeCodeCamp
I_kwDOAbI7X88AAAABKSf8pg,69067,Hint and description wording issues in Build a Hotel Feedback Form Step 29,CLOSED,2026-07-27T07:22:25Z,2026-07-30T13:18:00Z,SudhamshuH,freeCodeCamp,freeCodeCamp
I_kwDOAbI7X88AAAABKTYtww,69074,Replace regex-based test cases in Envelope Budget App Workshop,CLOSED,2026-07-27T09:20:47Z,2026-07-30T10:27:24Z,TheSeydiCharyyev;majestic-owl448,freeCodeCamp,freeCodeCamp
I_kwDOAbI7X88AAAABKrvbzg,69115,Shopping Cart workshop cart rows show prices without a dollar sign,CLOSED,2026-07-29T17:20:39Z,2026-07-30T08:31:54Z,Mehedov,freeCodeCamp,freeCodeCamp
I_kwDOAbI7X88AAAABKSf6Vw,69065,Incomplete instructions and formatting issues in Build a Hotel Feedback Form Steps 19 to 22,CLOSED,2026-07-27T07:22:20Z,2026-07-30T08:23:26Z,Wolf-011,freeCodeCamp,freeCodeCamp
I_kwDOAbI7X88AAAABIYmp1g,68726,Replace regex-based test cases in Word Counter Workshop,CLOSED,2026-07-10T18:25:21Z,2026-07-30T08:21:55Z,TEE0207;majestic-owl448,freeCodeCamp,freeCodeCamp
I_kwDOAbI7X88AAAABKWJk7Q,69082,Workshop Cafe Menu Step 7: CSS example indentation uses one space instead of two,CLOSED,2026-07-27T15:00:56Z,2026-07-30T07:34:44Z,priyaaa405,freeCodeCamp,freeCodeCamp
I_kwDOAbI7X88AAAABKikhmQ,69098,"Missing ""$"" sign on textContent for subTotal, taxes and total in JS Shopping Cart workshop",CLOSED,2026-07-28T19:32:05Z,2026-07-29T17:17:27Z,Vendetaaaa,freeCodeCamp,freeCodeCamp
I_kwDOAbI7X88AAAABKSNkYA,69057,Invalid C# example and inaccurate set output in the common data types lesson,CLOSED,2026-07-27T06:45:32Z,2026-07-29T16:46:48Z,ladanhamoud,freeCodeCamp,freeCodeCamp
I_kwDOAbI7X88AAAABKccG6g,69092,interactive editor with empty array slot may need to be removed,CLOSED,2026-07-28T07:02:14Z,2026-07-29T15:30:32Z,Supravisor;majestic-owl448,freeCodeCamp,freeCodeCamp
I_kwDOAbI7X88AAAABKnwQOg,69105,Seed HTML link element in workshop-cafe-menu is missing a space before the self-closing slash,CLOSED,2026-07-29T09:37:07Z,2026-07-29T10:44:13Z,dishamittalnitb,freeCodeCamp,freeCodeCamp
I_kwDOAbI7X88AAAABKSf9jw,69068,Solution mismatch and text issues in Build a Hotel Feedback Form Steps 31 to 33,CLOSED,2026-07-27T07:22:27Z,2026-07-29T10:04:00Z,waleed-akram,freeCodeCamp,freeCodeCamp
I_kwDOAbI7X88AAAABKcdpVw,69093,Cafe Menu Step 10 hint text does not say which file must not contain the <style> tags,CLOSED,2026-07-28T07:05:43Z,2026-07-29T09:18:18Z,Aimwee,freeCodeCamp,freeCodeCamp
I_kwDOAbI7X88AAAABKVk9jQ,69080,"Fix hyphenation of ""Man-in-the-Middle""",CLOSED,2026-07-27T13:55:43Z,2026-07-29T09:05:26Z,Anavyarai,freeCodeCamp,freeCodeCamp
I_kwDOAbI7X88AAAABIYmayA,68699,Replace regex-based test cases in Calorie Counter Workshop,CLOSED,2026-07-10T18:24:45Z,2026-07-29T07:04:10Z,,freeCodeCamp,freeCodeCamp
I_kwDOAbI7X87hkUvn,65007,delete unused files,CLOSED,2026-01-06T09:21:14Z,2026-07-28T10:12:11Z,Webmekanic,freeCodeCamp,freeCodeCamp
I_kwDOAbI7X88AAAABKSQldA,69059,Test code issues in the Build a Hotel Feedback Form workshop hints,CLOSED,2026-07-27T06:52:47Z,2026-07-27T19:32:22Z,owevertonguedes,freeCodeCamp,freeCodeCamp
I_kwDOAbI7X88AAAABKSz0gA,69072,Cafe Menu workshop hints that pass regardless of the learner's code,CLOSED,2026-07-27T08:05:42Z,2026-07-27T16:41:49Z,owevertonguedes,freeCodeCamp,freeCodeCamp
I_kwDOAbI7X876CEp1,66745,missing semi-colons in seed code,CLOSED,2026-04-02T14:06:10Z,2026-07-27T14:44:02Z,Sembauke,freeCodeCamp,freeCodeCamp
I_kwDOAbI7X88AAAABKSNfUw,69056,"Multiple grammar, terminology, and formatting issues in the declaring variables lesson",CLOSED,2026-07-27T06:45:23Z,2026-07-27T14:08:37Z,Hashim1999164,freeCodeCamp,freeCodeCamp
I_kwDOAbI7X88AAAABIYmj0A,68715,Replace regex-based test cases in Reusable Profile Card Component Workshop,CLOSED,2026-07-10T18:25:06Z,2026-07-27T13:23:56Z,laypatel13,freeCodeCamp,freeCodeCamp
I_kwDOAbI7X870mMf_,66563,add module on how to use AI/LLMs in learning,CLOSED,2026-03-19T19:04:44Z,2026-07-27T12:13:16Z,,freeCodeCamp,freeCodeCamp
I_kwDOAbI7X88AAAABKSMUFg,69054,"Fix punctuation, wording, and formatting problems in the String Concatenation lecture",CLOSED,2026-07-27T06:42:30Z,2026-07-27T08:59:35Z,Vam-si-krish,freeCodeCamp,freeCodeCamp
I_kwDOAbI7X88AAAABJbUEBA,68945,"Step 12 removes the console.log() statement, but the description doesn't actually mention doing this.",CLOSED,2026-07-20T09:25:58Z,2026-07-27T08:26:16Z,laxitajain,freeCodeCamp,freeCodeCamp
I_kwDOAbI7X88AAAABIPMoOQ,68653,Fail authentication when duplicate email records are detected during sign-in,CLOSED,2026-07-09T15:49:29Z,2026-07-27T08:09:01Z,,freeCodeCamp,freeCodeCamp
I_kwDOAbI7X88AAAABKQohyw,69050,JS Merge sort workshop accepts incorrect keywords for variable declaration,CLOSED,2026-07-27T01:29:08Z,2026-07-27T07:32:56Z,,freeCodeCamp,freeCodeCamp
I_kwDOAbI7X88AAAABKSYF7Q,69061,What is the creation date of this repository?,CLOSED,2026-07-27T07:07:33Z,2026-07-27T07:17:34Z,,freeCodeCamp,freeCodeCamp
I_kwDOAbI7X88AAAABKSX5tQ,69060,test,CLOSED,2026-07-27T07:07:10Z,2026-07-27T07:17:33Z,,freeCodeCamp,freeCodeCamp
I_kwDOAbI7X88AAAABKPZbIA,69047,Whitespace issues,CLOSED,2026-07-26T19:36:15Z,2026-07-27T06:43:18Z,Ayush3396,freeCodeCamp,freeCodeCamp
I_kwDOAbI7X88AAAABIYmowA,68724,Replace regex-based test cases in Toggle Text App Workshop,CLOSED,2026-07-10T18:25:18Z,2026-07-27T05:56:24Z,typovrak,freeCodeCamp,freeCodeCamp
I_kwDOAbI7X88AAAABKA5uBA,69014,Inaccurate catalog intro copy for the Introduction to Python block,CLOSED,2026-07-24T09:09:39Z,2026-07-26T23:59:46Z,nahidh-os,freeCodeCamp,freeCodeCamp
I_kwDOAbI7X88AAAABKA8r1w,69016,Inconsistent casing of undefined and null data types in the Introduction to JavaScript data types lecture,CLOSED,2026-07-24T09:16:07Z,2026-07-26T23:54:41Z,akashwi,freeCodeCamp,freeCodeCamp
I_kwDOAbI7X88AAAABKDJX0w,69019,Fix inconsistent and grammatically incorrect quiz feedback in Working with Forms lecture,CLOSED,2026-07-24T14:27:57Z,2026-07-26T19:41:34Z,vinniit-23,freeCodeCamp,freeCodeCamp
I_kwDOAbI7X88AAAABKA8tnw,69017,Missing word in the var explanation in the Introduction to JavaScript let and const lecture,CLOSED,2026-07-24T09:16:10Z,2026-07-26T19:06:22Z,syeda-hira-batool,freeCodeCamp,freeCodeCamp
I_kwDOAbI7X88AAAABKDL5QA,69020,Fix typo and inconsistent feedback in the What Are Some Default Browser Styles Applied to HTML lecture,CLOSED,2026-07-24T14:32:55Z,2026-07-26T19:01:13Z,ashis-baral,freeCodeCamp,freeCodeCamp
I_kwDOAbI7X88AAAABKDL6xQ,69022,Fix curly apostrophe and grammar errors in the What Are Margins and Padding lecture,CLOSED,2026-07-24T14:32:58Z,2026-07-26T07:17:00Z,Vanshdeep001,freeCodeCamp,freeCodeCamp
I_kwDOAbI7X88AAAABIunEnw,68812,Replace regex-based test cases in String Inspector Workshop,CLOSED,2026-07-14T07:07:24Z,2026-07-26T06:40:39Z,eng-abdelrahman-sharaf,freeCodeCamp,freeCodeCamp
I_kwDOAbI7X88AAAABKMh2-Q,69040,contributions.md updated,CLOSED,2026-07-26T05:03:25Z,2026-07-26T06:34:44Z,,freeCodeCamp,freeCodeCamp
I_kwDOAbI7X88AAAABKDL7jA,69023,Fix grammar and hyphenation in the inline/block-level and CSS combinators lectures,CLOSED,2026-07-24T14:33:00Z,2026-07-25T11:35:52Z,khushi-gupta-dev,freeCodeCamp,freeCodeCamp
I_kwDOAbI7X88AAAABI22IVQ,68835,Bug: exam-environment API requests hang indefinitely on schema-validation errors,CLOSED,2026-07-15T04:42:58Z,2026-07-25T11:26:23Z,,freeCodeCamp,freeCodeCamp
I_kwDOAbI7X88AAAABKHzT8w,69031,Stale README Table of Contents entry for removed section,CLOSED,2026-07-25T04:52:26Z,2026-07-25T11:22:00Z,huyenltnguyen;santhiprakash,freeCodeCamp,freeCodeCamp
I_kwDOAbI7X88AAAABKA5oZw,69013,Grammar and library-name capitalization errors in the Introduction to Python lecture,CLOSED,2026-07-24T09:09:27Z,2026-07-25T09:02:13Z,ATURKIEH,freeCodeCamp,freeCodeCamp
I_kwDOAbI7X88AAAABKDL6CQ,69021,"Fix missing semicolon, curly apostrophe, and missing backticks in the How Do Width and Height Work lecture",CLOSED,2026-07-24T14:32:57Z,2026-07-25T07:54:34Z,TexasAppz,freeCodeCamp,freeCodeCamp
I_kwDOAbI7X88AAAABKDL8YQ,69024,"Fix missing period, curly apostrophes, and code spacing in three What Is CSS lectures",CLOSED,2026-07-24T14:33:01Z,2026-07-25T07:46:13Z,Bhavani Govindaraj,freeCodeCamp,freeCodeCamp
I_kwDOAbI7X88AAAABKIQUug,69032,Responsive Web Design - Feature Selection Page test fails when transition is applied to checkbox,CLOSED,2026-07-25T07:12:03Z,2026-07-25T07:33:09Z,,freeCodeCamp,freeCodeCamp
I_kwDOAbI7X88AAAABIunGdw,68813,Replace regex-based test cases in String Formatter Workshop,CLOSED,2026-07-14T07:07:28Z,2026-07-24T17:39:24Z,eng-abdelrahman-sharaf,freeCodeCamp,freeCodeCamp
I_kwDOAbI7X87RXna-,62778,CSS Projects Availability Table: Enhance Table Accessibility with ARIA and Captions,CLOSED,2025-10-13T19:59:00Z,2026-07-24T14:43:22Z,Webmekanic;majestic-owl448,freeCodeCamp,freeCodeCamp
I_kwDOAbI7X88AAAABJ-WDpw,69007,"Wording (nitpick): ""counter clockwise"" should be ""counterclockwise"" or a variant",CLOSED,2026-07-24T01:29:44Z,2026-07-24T09:38:22Z,HamzaSarwer;majestic-owl448,freeCodeCamp,freeCodeCamp
I_kwDOAbI7X88AAAABKAaMJw,69012,Build a Todo App workshop Step 51: editable region insertion line missing indentation,CLOSED,2026-07-24T08:00:38Z,2026-07-24T09:02:45Z,,freeCodeCamp,freeCodeCamp
I_kwDOAbI7X87PIe5G,62452,create-new-project extra metadata property with lectures,CLOSED,2025-10-01T21:04:02Z,2026-07-24T07:59:38Z,Muskan-88;Sembauke,freeCodeCamp,freeCodeCamp
I_kwDOAbI7X863ocO_,60469,Todo App using Local Storage — formInputValuesUpdated,CLOSED,2025-05-21T16:36:14Z,2026-07-24T07:58:42Z,Fixito,freeCodeCamp,freeCodeCamp
I_kwDOAbI7X88AAAABIYmM2w,68686,Replace regex-based test cases in Debug Type Coercion Errors Lab,CLOSED,2026-07-10T18:24:09Z,2026-07-24T07:55:37Z,SanthoshBalagur;majestic-owl448,freeCodeCamp,freeCodeCamp
I_kwDOAbI7X88AAAABJ60kfw,69000,Duplicate const restriction sentence in Build a Weather App lab description,CLOSED,2026-07-23T15:59:26Z,2026-07-24T07:13:03Z,Benlite777,freeCodeCamp,freeCodeCamp
I_kwDOAbI7X88AAAABJ5lRTA,68999,Cargo Manifest challenge does not accept arrow functions,CLOSED,2026-07-23T13:30:43Z,2026-07-24T07:03:48Z,RAJ-A58,freeCodeCamp,freeCodeCamp
I_kwDOAbI7X88AAAABIYmmwA,68721,Replace regex-based test cases in Space Mission Roster Workshop,CLOSED,2026-07-10T18:25:14Z,2026-07-24T06:58:59Z,eng-abdelrahman-sharaf,freeCodeCamp,freeCodeCamp
I_kwDOAbI7X87aPEGx,64112,Lab – Story Fragment Shuffler,CLOSED,2025-11-25T03:42:25Z,2026-07-24T06:51:25Z,l3onhard;majestic-owl448,freeCodeCamp,freeCodeCamp
I_kwDOAbI7X88AAAABIYmjQg,68714,Replace regex-based test cases in Reusable Mega Navbar Workshop,CLOSED,2026-07-10T18:25:05Z,2026-07-24T06:50:32Z,laypatel13,freeCodeCamp,freeCodeCamp
I_kwDOAbI7X88AAAABJ0T8cA,68989,[Curriculum] - Need 3 blanks Spanish Task 5 Greetings,CLOSED,2026-07-22T22:49:41Z,2026-07-23T19:51:34Z,,freeCodeCamp,freeCodeCamp
I_kwDOAbI7X86LPbMx,55093,Misleading instruction (660ef0f7c4b8e68ccd1f0786),CLOSED,2024-06-05T14:25:55Z,2024-06-11T09:38:50Z,erik-lynch,freeCodeCamp,freeCodeCamp
I_kwDOAbI7X88AAAABJy4D0Q,68985,Outdated explanation on calc() unit division,CLOSED,2026-07-22T19:09:27Z,2026-07-23T14:55:24Z,deepak-s-git,freeCodeCamp,freeCodeCamp
I_kwDOAbI7X88AAAABJ2N-zQ,68991,Lock Closed PRs workflow fail - Resource not accessible by integration,CLOSED,2026-07-23T05:37:25Z,2026-07-23T14:18:55Z,majestic-owl448,freeCodeCamp,freeCodeCamp
I_kwDOAbI7X88AAAABIdbeEQ,68738,Rate-limited email changes overwrite user's pending email address (invalidating existing confirmation links),CLOSED,2026-07-11T14:32:34Z,2026-07-23T12:02:38Z,hexonal,freeCodeCamp,freeCodeCamp
I_kwDOAbI7X88AAAABIYmnvw,68722,Replace regex-based test cases in Superhero Application Form Workshop,CLOSED,2026-07-10T18:25:16Z,2026-07-23T09:45:33Z,ritishDas,freeCodeCamp,freeCodeCamp
I_kwDOAbI7X88AAAABIunKAg,68815,Replace regex-based test cases in Debug Increment And Decrement Operator Errors Lab,CLOSED,2026-07-14T07:07:36Z,2026-07-23T09:33:46Z,chauhan-varun,freeCodeCamp,freeCodeCamp
I_kwDOAbI7X88AAAABJv6F1g,68970,Semantic HTML Review is missing topics taught in the module,CLOSED,2026-07-22T13:04:04Z,2026-07-23T08:26:09Z,Pranayd555,freeCodeCamp,freeCodeCamp
I_kwDOAbI7X88AAAABJvuFOw,68965,Content and test defects in the Build a Cat Blog Page workshop,CLOSED,2026-07-22T12:42:02Z,2026-07-23T08:25:59Z,imsomilg,freeCodeCamp,freeCodeCamp
