pr_number,created_date,time_to_first_review_sec,time_to_approval_sec,time_to_merge_sec,was_merged
70535,2026-09-30T22:04:37Z,,,,0
70534,2026-09-30T21:40:57Z,78,0,0,1
70533,2026-09-30T20:40:33Z,141,0,25,1
70532,2026-09-30T19:22:05Z,,,,0
70531,2026-09-30T18:55:23Z,2288,315,30,1
70530,2026-09-30T18:24:09Z,,,,0
70529,2026-09-30T17:55:02Z,1405,1290,452,1
70528,2026-09-30T15:47:12Z,890,1633,626,1
70527,2026-09-30T15:40:28Z,2483,0,0,1
70525,2026-09-30T15:10:43Z,476,0,29,1
70524,2026-09-30T14:33:49Z,2566,0,0,1
70523,2026-09-30T14:08:09Z,2587,0,0,1
70521,2026-09-30T13:34:19Z,17,0,10,1
70520,2026-09-30T12:30:21Z,,,,0
70519,2026-09-30T12:30:17Z,,,,0
70518,2026-09-30T12:30:14Z,,,,0
70517,2026-09-30T10:57:05Z,0,57,30,1
70516,2026-09-30T08:16:20Z,30,272,13,1
70515,2026-09-30T08:09:30Z,,,,0
70514,2026-09-30T08:00:40Z,18,0,26,1
70510,2026-09-30T05:23:43Z,110,,,0
70509,2026-09-30T04:37:34Z,,,,0
70508,2026-09-30T02:01:26Z,318,42,3,1
70507,2026-09-30T01:47:55Z,325,0,0,1
70506,2026-09-29T21:46:50Z,562,53,31,1
70505,2026-09-29T21:46:14Z,562,53,35,1
70504,2026-09-29T21:45:09Z,563,52,31,1
70502,2026-09-29T20:28:36Z,3797,0,0,1
70501,2026-09-29T20:03:11Z,28,,,0
70500,2026-09-29T18:40:58Z,,,,0
70498,2026-09-29T17:17:10Z,54,0,24,1
70496,2026-09-29T16:16:18Z,,,,0
70495,2026-09-29T16:03:09Z,,,,0
70494,2026-09-29T15:50:07Z,114,0,31,1
70493,2026-09-29T15:42:37Z,,,,0
70492,2026-09-29T15:30:36Z,1295,12802,24,1
70491,2026-09-29T14:38:51Z,13,0,17,1
70490,2026-09-29T14:19:14Z,10,0,53,1
70489,2026-09-29T13:46:24Z,17,0,14,1
70488,2026-09-29T13:32:47Z,1413,0,0,1
70487,2026-09-29T13:30:37Z,36,16,0,1
70486,2026-09-29T13:20:46Z,62,0,2,1
70479,2026-09-29T10:57:56Z,64,0,0,1
70478,2026-09-29T10:46:27Z,,,,0
70477,2026-09-29T10:24:40Z,0,,,0
70473,2026-09-29T08:38:08Z,1438,2934,0,1
70464,2026-09-28T19:46:09Z,715,0,0,1
70463,2026-09-28T18:41:38Z,14,759,0,1
70461,2026-09-28T18:24:44Z,,,,0
70460,2026-09-28T18:23:59Z,12,0,21,1
70459,2026-09-28T17:36:38Z,44,0,2,1
70458,2026-09-28T16:57:23Z,,,,0
70457,2026-09-28T16:52:25Z,85,0,33,1
70456,2026-09-28T16:37:54Z,,,,0
70455,2026-09-28T15:37:08Z,128,0,25,1
70453,2026-09-28T11:02:06Z,1243,0,2,1
70452,2026-09-28T10:08:19Z,364,0,0,1
70451,2026-09-28T09:31:07Z,429,24,23,1
70450,2026-09-28T09:01:17Z,14,439,0,1
70449,2026-09-28T08:48:39Z,9,21,14,1
70448,2026-09-28T03:12:24Z,319,0,19,1
70447,2026-09-28T03:03:29Z,317,49,34,1
70446,2026-09-28T03:00:59Z,318,58,36,1
70445,2026-09-28T02:59:59Z,321,2789,5,1
70444,2026-09-28T02:56:49Z,340,36,33,1
70443,2026-09-28T02:56:08Z,340,468,211,1
70442,2026-09-28T02:55:26Z,325,596,28,1
70441,2026-09-28T02:33:29Z,34,0,2,1
70440,2026-09-28T01:59:09Z,380,3147,1528,1
70439,2026-09-28T00:22:43Z,,,,0
70438,2026-09-27T21:09:00Z,665,,,0
70437,2026-09-27T21:03:01Z,678,,,0
70436,2026-09-27T16:43:19Z,,,,0
70435,2026-09-27T16:12:44Z,220,0,27,1
70433,2026-09-27T04:30:26Z,5118,,,0
70432,2026-09-27T00:35:19Z,836,0,1111,1
70431,2026-09-27T00:35:14Z,1917,16,466,1
70430,2026-09-26T21:37:48Z,101,0,,0
70429,2026-09-26T20:41:51Z,,,,0
70428,2026-09-26T19:09:06Z,38,0,29,1
70427,2026-09-26T18:12:12Z,,,,0
70426,2026-09-26T18:04:39Z,62,0,32,1
70424,2026-09-26T16:14:56Z,1,,,0
70423,2026-09-26T15:56:15Z,176,0,32,1
70422,2026-09-26T15:39:36Z,,,,0
70421,2026-09-26T13:07:05Z,,,,0
70420,2026-09-26T12:50:26Z,,,,0
70419,2026-09-26T12:33:09Z,383,0,30,1
70418,2026-09-26T11:46:40Z,13,285,,0
70417,2026-09-26T11:30:19Z,312,0,35,1
70416,2026-09-26T09:21:25Z,439,0,32,1
70413,2026-09-25T23:51:08Z,8415,0,0,1
70411,2026-09-25T22:16:21Z,,,,0
70410,2026-09-25T20:20:18Z,40,0,34,1
70409,2026-09-25T20:10:31Z,,,,0
70408,2026-09-25T19:46:46Z,72,0,34,1
70407,2026-09-25T19:44:41Z,68,,,0
70406,2026-09-25T19:35:20Z,72,0,28,1
70405,2026-09-25T18:44:46Z,205,0,4018,1
70404,2026-09-25T18:35:54Z,1521,0,48,1
70403,2026-09-25T18:21:34Z,3684,0,0,1
70402,2026-09-25T18:18:58Z,,,,0
70401,2026-09-25T17:21:16Z,3810,492,1,1
70400,2026-09-25T16:25:26Z,48,0,35,1
70399,2026-09-25T16:11:38Z,,,,0
70398,2026-09-25T15:59:19Z,42,0,0,1
70397,2026-09-25T15:18:51Z,121,0,4305,1
70396,2026-09-25T14:29:03Z,,,,0
70395,2026-09-25T14:23:35Z,1542,0,0,1
70394,2026-09-25T12:21:53Z,,,,0
70393,2026-09-25T12:01:26Z,,,,0
70392,2026-09-25T11:56:36Z,101,0,0,1
70391,2026-09-25T10:24:26Z,639,0,32,1
70384,2026-09-25T09:42:49Z,,,,0
70383,2026-09-25T08:51:56Z,,,,0
70380,2026-09-25T08:09:10Z,,,,0
70378,2026-09-25T07:59:06Z,0,35,32,1
70377,2026-09-25T07:24:51Z,62,0,0,1
70376,2026-09-25T07:07:52Z,85,0,0,1
70375,2026-09-25T06:59:00Z,3,12933,113,1
70373,2026-09-25T06:50:51Z,99,4289,0,1
70372,2026-09-25T06:38:06Z,111,0,0,1
70371,2026-09-25T06:20:41Z,115,82,0,1
70370,2026-09-25T06:11:34Z,111,0,0,1
70369,2026-09-25T05:33:41Z,6195,8378,27,1
70368,2026-09-25T01:58:53Z,302,0,0,1
70367,2026-09-25T01:41:49Z,395,0,0,1
70366,2026-09-25T01:36:18Z,324,0,0,1
70365,2026-09-25T01:28:58Z,395,0,0,1
70364,2026-09-25T01:24:39Z,332,0,0,1
70363,2026-09-25T01:20:08Z,333,4360,0,1
70362,2026-09-25T01:15:56Z,414,0,0,1
70361,2026-09-25T00:53:27Z,,,,0
70360,2026-09-25T00:27:38Z,371,0,23,1
70357,2026-09-24T18:39:33Z,28,,,0
70356,2026-09-24T17:43:22Z,98,0,686,1
70355,2026-09-24T17:34:45Z,99,0,31,1
70354,2026-09-24T17:18:44Z,2975,0,34,1
70353,2026-09-24T16:53:49Z,5,0,30,1
70352,2026-09-24T16:06:12Z,,,,0
70351,2026-09-24T15:35:20Z,8456,0,0,1
70348,2026-09-24T12:09:44Z,,,,0
70347,2026-09-24T11:18:54Z,44,0,0,1
70341,2026-09-24T07:04:39Z,51,0,0,1
70340,2026-09-23T22:06:57Z,,,,0
70339,2026-09-23T19:00:19Z,780,357,90,1
70338,2026-09-23T18:44:54Z,800,466,0,1
70337,2026-09-23T18:37:22Z,805,0,0,1
70336,2026-09-23T18:23:53Z,809,468,0,1
70334,2026-09-23T18:13:34Z,158,0,36,1
70333,2026-09-23T17:58:27Z,846,0,0,1
70331,2026-09-23T17:06:20Z,854,521,0,1
70330,2026-09-23T15:46:04Z,12592,1334,30,1
70329,2026-09-23T15:41:17Z,12,960,345,1
70328,2026-09-23T15:40:20Z,,,,0
70327,2026-09-23T15:22:48Z,134,0,35,1
70326,2026-09-23T14:16:09Z,,,,0
70325,2026-09-23T14:16:05Z,,,,0
70324,2026-09-23T13:32:57Z,,,,0
70323,2026-09-23T13:10:54Z,,,,0
70322,2026-09-23T11:50:00Z,,,,0
70321,2026-09-23T11:38:49Z,15,0,58,1
70320,2026-09-23T11:34:45Z,6,86,122,1
70319,2026-09-23T11:29:54Z,83,6946,0,1
70318,2026-09-23T11:27:35Z,65,0,34,1
70317,2026-09-23T11:24:48Z,42,58,122,1
70316,2026-09-23T11:19:02Z,56,45,125,1
70315,2026-09-23T11:15:24Z,101,0,0,1
70314,2026-09-23T11:10:35Z,39,0,56,1
70313,2026-09-23T11:02:20Z,28,0,83,1
70312,2026-09-23T10:58:17Z,62,0,48,1
70309,2026-09-23T10:25:07Z,,,,0
70305,2026-09-23T09:53:20Z,10,,,0
70302,2026-09-23T09:41:55Z,,,,0
70301,2026-09-23T08:19:32Z,73,87,1,1
70299,2026-09-23T06:37:33Z,51,0,0,1
70298,2026-09-23T05:01:37Z,117,7304,0,1
70297,2026-09-23T04:57:18Z,,,,0
70296,2026-09-23T00:22:26Z,411,0,0,1
70295,2026-09-23T00:15:54Z,,,,0
70294,2026-09-22T23:33:52Z,83,0,33,1
70293,2026-09-22T21:30:23Z,559,0,0,1
70292,2026-09-22T18:46:05Z,76,0,0,1
70291,2026-09-22T18:42:01Z,83,0,33,1
70290,2026-09-22T18:20:46Z,764,0,33,1
70289,2026-09-22T16:18:45Z,916,0,28,1
70288,2026-09-22T16:13:03Z,245,0,31,1
70287,2026-09-22T16:02:52Z,257,0,1,1
70286,2026-09-22T16:02:27Z,263,0,0,1
70285,2026-09-22T15:55:05Z,,,,0
70279,2026-09-22T11:13:36Z,212,0,0,1
70278,2026-09-22T10:26:00Z,246,0,1,1
70277,2026-09-22T08:24:39Z,7,18,22,1
70276,2026-09-22T08:22:32Z,730,0,116,1
70275,2026-09-22T08:15:35Z,43,331,1,1
70274,2026-09-22T08:00:38Z,57,385,8,1
70273,2026-09-22T07:43:55Z,5661,0,2,1
70272,2026-09-22T07:40:30Z,78,0,11,1
70271,2026-09-22T07:20:08Z,99,332,1,1
70270,2026-09-22T07:16:33Z,104,0,0,1
70269,2026-09-22T07:11:44Z,10,0,23,1
70268,2026-09-22T06:12:05Z,4,0,27,1
70267,2026-09-22T05:15:54Z,45,0,32,1
70266,2026-09-22T01:36:20Z,262,0,29,1
70265,2026-09-21T23:38:01Z,428,0,23,1
70264,2026-09-21T23:26:32Z,450,10490,16,1
70263,2026-09-21T22:17:38Z,1013,0,0,1
70261,2026-09-21T18:39:53Z,97,0,1512,1
70259,2026-09-21T15:12:56Z,6,0,34,1
70258,2026-09-21T13:05:04Z,116,,,0
70257,2026-09-21T12:44:07Z,303,,,0
70256,2026-09-21T12:29:13Z,157,78,89,1
70255,2026-09-21T10:23:44Z,,,,0
70254,2026-09-21T10:23:39Z,,,,0
70253,2026-09-21T10:23:33Z,,,,0
70252,2026-09-21T10:23:27Z,,,,0
70251,2026-09-21T09:27:11Z,333,970,1452,1
70250,2026-09-21T09:09:00Z,348,0,0,1
70245,2026-09-21T06:53:24Z,7,38,55,1
70244,2026-09-21T06:28:45Z,16,52,25,1
70243,2026-09-21T06:25:51Z,2,,,0
70242,2026-09-21T03:13:30Z,,,,0
70241,2026-09-20T23:09:51Z,427,1013,0,1
70240,2026-09-20T22:54:52Z,455,0,30,1
70238,2026-09-20T18:15:16Z,,,,0
70237,2026-09-20T18:13:52Z,,,,0
70236,2026-09-20T18:13:36Z,33,0,30,1
70235,2026-09-20T17:34:07Z,,,,0
70234,2026-09-20T17:30:14Z,799,0,0,1
70233,2026-09-20T15:17:06Z,,,,0
70232,2026-09-20T12:52:22Z,3337,4,34,1
70231,2026-09-20T12:01:00Z,199,1606,19,1
70230,2026-09-20T11:29:35Z,272,18191,1,1
70229,2026-09-20T10:38:30Z,104,0,28,1
70228,2026-09-20T10:09:08Z,324,910,0,1
70227,2026-09-20T09:59:29Z,328,887,0,1
70226,2026-09-20T09:28:24Z,379,0,0,1
70224,2026-09-20T07:35:06Z,,,,0
70223,2026-09-20T06:28:38Z,357,0,33,1
70222,2026-09-20T05:22:25Z,,,,0
70221,2026-09-20T05:05:04Z,,,,0
70220,2026-09-20T04:45:58Z,2,1663,7,1
70219,2026-09-20T00:16:55Z,8,0,,0
70218,2026-09-19T22:31:04Z,74,955,0,1
70217,2026-09-19T21:59:13Z,107,0,959,1
70216,2026-09-19T20:05:12Z,223,0,954,1
70214,2026-09-19T17:26:35Z,,,,0
70213,2026-09-19T17:24:42Z,,,,0
70212,2026-09-19T17:22:50Z,,,,0
70211,2026-09-19T17:13:51Z,,,,0
70210,2026-09-19T17:12:01Z,,,,0
70209,2026-09-19T17:08:59Z,,,,0
70208,2026-09-19T17:08:56Z,,,,0
70207,2026-09-19T17:07:18Z,,,,0
70206,2026-09-19T17:06:32Z,,,,0
70205,2026-09-19T17:04:23Z,,,,0
70204,2026-09-19T17:02:44Z,,,,0
70203,2026-09-19T17:01:39Z,,,,0
70202,2026-09-19T15:25:44Z,,,,0
70201,2026-09-19T14:27:54Z,147,0,32,1
70198,2026-09-19T11:52:12Z,51,0,33,1
70196,2026-09-19T11:17:47Z,78,0,0,1
70195,2026-09-19T10:37:46Z,110,278,0,1
70194,2026-09-19T10:15:53Z,6,153,0,1
70193,2026-09-19T09:57:51Z,17,0,13,1
70192,2026-09-19T09:45:28Z,19,0,12,1
70191,2026-09-19T09:44:41Z,13,11,22,1
70190,2026-09-19T09:36:19Z,14,0,31,1
70189,2026-09-19T08:31:32Z,74,0,58,1
70188,2026-09-19T08:13:54Z,118,0,0,1
70187,2026-09-19T07:44:58Z,1,91,30,1
70186,2026-09-19T06:49:56Z,162,480,19,1
70185,2026-09-19T06:40:58Z,,,,0
70184,2026-09-18T23:34:24Z,635,0,0,1
70183,2026-09-18T20:34:57Z,2398,0,0,1
70181,2026-09-18T17:07:21Z,295,0,26,1
70180,2026-09-18T17:03:36Z,1035,140,0,1
70179,2026-09-18T16:58:26Z,,,,0
70178,2026-09-18T16:32:25Z,4,0,30,1
70177,2026-09-18T16:23:35Z,10,0,23,1
70165,2026-09-18T14:52:41Z,97,1026,0,1
70164,2026-09-18T14:21:59Z,134,1011,0,1
70159,2026-09-18T13:25:15Z,4443,0,0,1
70158,2026-09-18T12:16:28Z,,,,0
70157,2026-09-18T11:25:16Z,43,0,34,1
70156,2026-09-18T11:25:05Z,,,,0
70154,2026-09-18T09:53:58Z,126,0,0,1
70153,2026-09-18T09:30:07Z,242,0,0,1
70152,2026-09-18T07:39:10Z,153,0,97,1
70151,2026-09-18T06:23:42Z,441,0,0,1
70150,2026-09-18T06:06:25Z,,,,0
70149,2026-09-18T05:39:06Z,376,0,0,1
70148,2026-09-18T03:36:38Z,,,,0
70147,2026-09-18T00:08:02Z,821,0,0,1
70146,2026-09-17T22:39:55Z,906,,,0
70145,2026-09-17T21:28:24Z,763,0,1435,1
70144,2026-09-17T20:55:37Z,803,0,1394,1
70143,2026-09-17T17:05:38Z,83,0,50,1
70142,2026-09-17T15:38:18Z,172,0,39,1
70141,2026-09-17T14:48:58Z,,,,0
70140,2026-09-17T14:31:22Z,17,0,28,1
70138,2026-09-17T14:00:17Z,,,,0
70137,2026-09-17T13:54:44Z,29,0,32,1
70136,2026-09-17T13:08:48Z,114,0,0,1
70135,2026-09-17T12:45:31Z,114,50,2,1
70134,2026-09-17T12:25:37Z,135,0,11,1
70133,2026-09-17T11:39:33Z,,,,0
70132,2026-09-17T11:30:19Z,200,0,14,1
70131,2026-09-17T11:22:55Z,224,0,0,1
70130,2026-09-17T10:22:05Z,,,,0
70129,2026-09-17T10:19:48Z,236,206,138,1
70128,2026-09-17T10:05:43Z,9,0,22,1
70126,2026-09-17T09:52:54Z,11,548,0,1
70125,2026-09-17T09:41:06Z,9,309,0,1
70124,2026-09-17T09:32:14Z,12,0,17,1
70112,2026-09-17T08:02:14Z,,,,0
70111,2026-09-17T07:23:24Z,92,0,34,1
70110,2026-09-17T03:07:38Z,,,,0
70109,2026-09-17T01:25:05Z,467,0,0,1
70108,2026-09-17T01:24:39Z,461,0,0,1
70106,2026-09-16T21:52:06Z,,,,0
70105,2026-09-16T18:57:28Z,73,0,762,1
70104,2026-09-16T16:50:57Z,959,0,0,1
70094,2026-09-16T16:11:09Z,18,,,1
70092,2026-09-16T11:24:46Z,,,,0
70091,2026-09-16T11:11:29Z,247,0,0,1
70090,2026-09-16T11:05:24Z,256,0,0,1
70089,2026-09-16T10:43:25Z,8,1352,0,1
70088,2026-09-16T09:38:22Z,246,880,342,1
70081,2026-09-16T06:36:16Z,,,,0
70080,2026-09-16T06:23:33Z,,,,0
70079,2026-09-16T06:15:11Z,36,0,0,1
70078,2026-09-16T06:11:19Z,,,,0
70077,2026-09-16T05:38:36Z,35,0,34,1
70076,2026-09-16T04:35:43Z,,,,0
70075,2026-09-16T02:26:40Z,,,,0
70073,2026-09-15T10:42:30Z,1259,0,0,1
70072,2026-09-15T08:49:50Z,1443,261,1,1
70071,2026-09-15T08:41:59Z,7,11,30,1
70070,2026-09-15T08:14:23Z,,,,0
70069,2026-09-15T07:39:05Z,,,,0
70068,2026-09-15T07:11:15Z,,,,0
70067,2026-09-15T02:55:36Z,345,20,28,1
70066,2026-09-14T22:44:25Z,60,0,32,1
70065,2026-09-14T22:37:16Z,,,,0
70064,2026-09-14T22:07:49Z,,,,0
70063,2026-09-14T21:47:21Z,,,,0
70062,2026-09-14T21:44:03Z,,,,0
70061,2026-09-14T21:26:00Z,,,,0
70060,2026-09-14T21:02:42Z,155,1,30,1
70059,2026-09-14T20:27:03Z,,,,0
70058,2026-09-14T19:14:02Z,,,,0
70057,2026-09-14T18:34:53Z,,,,0
70056,2026-09-14T18:16:58Z,87,0,0,1
70055,2026-09-14T17:45:06Z,42,0,0,1
70054,2026-09-14T15:46:17Z,2479,5327,,0
70053,2026-09-14T14:01:45Z,,,,0
70052,2026-09-14T14:01:15Z,,,,0
70051,2026-09-14T13:51:34Z,1179,63,0,1
70050,2026-09-14T13:51:32Z,85,0,0,1
70049,2026-09-14T13:50:21Z,5528,,,0
70044,2026-09-14T12:41:10Z,,,,0
70043,2026-09-14T12:32:16Z,90,220,0,1
70042,2026-09-14T12:32:13Z,71,0,0,1
70041,2026-09-14T12:32:11Z,69,0,0,1
70040,2026-09-14T12:12:50Z,66,0,0,1
70039,2026-09-14T11:16:43Z,125,0,0,1
70038,2026-09-14T10:29:58Z,12,11,27,1
70034,2026-09-13T23:37:03Z,580,0,33,1
70032,2026-09-13T21:25:14Z,,,,0
70030,2026-09-13T18:13:31Z,914,0,27,1
70029,2026-09-13T15:16:19Z,1095,0,0,1
70028,2026-09-13T08:29:16Z,,,,0
70027,2026-09-13T08:27:21Z,,,,0
70026,2026-09-13T08:14:07Z,,,,0
70024,2026-09-12T22:20:37Z,,,,0
70023,2026-09-12T19:04:56Z,2353,36018,0,1
70022,2026-09-12T18:25:36Z,1479,192,1134,1
70021,2026-09-12T18:20:54Z,1488,917,83,1
70020,2026-09-12T17:29:28Z,15,0,2468,1
70019,2026-09-12T17:02:02Z,45,2608,106,1
70018,2026-09-12T14:02:37Z,1,2674,67,1
70017,2026-09-12T13:10:59Z,,,,0
70016,2026-09-12T13:01:13Z,,,,0
70015,2026-09-12T10:57:25Z,,,,0
70014,2026-09-12T10:04:51Z,8,0,33,1
70011,2026-09-12T04:49:14Z,137,3039,119,1
70010,2026-09-12T03:59:21Z,252,3182,24,1
70009,2026-09-12T01:14:22Z,407,21,37,1
70008,2026-09-12T01:02:50Z,,,,0
70007,2026-09-11T21:44:03Z,101,,,0
70005,2026-09-11T20:44:20Z,707,2970,429,1
70004,2026-09-11T20:38:36Z,,,,0
70003,2026-09-11T19:09:41Z,255,,,0
70002,2026-09-11T19:02:00Z,,,,0
70001,2026-09-11T17:54:18Z,,,,0
70000,2026-09-11T17:50:16Z,,,,0
69999,2026-09-11T16:11:52Z,943,0,0,1
69998,2026-09-11T15:22:06Z,,,,0
69997,2026-09-11T15:20:53Z,,,,0
69996,2026-09-11T14:20:18Z,8,0,8,1
69995,2026-09-11T13:28:38Z,1159,0,0,1
69994,2026-09-11T12:35:59Z,23,6905,0,1
69992,2026-09-11T11:53:51Z,,,,0
69991,2026-09-11T10:50:54Z,1325,0,0,1
69990,2026-09-11T09:36:49Z,,,,0
69989,2026-09-11T09:09:48Z,,,,0
69967,2026-09-11T06:55:17Z,,,,1
69957,2026-09-11T06:36:21Z,,,,0
69956,2026-09-10T22:06:35Z,518,0,0,1
69955,2026-09-10T18:27:22Z,2,737,29,1
69954,2026-09-10T15:23:46Z,169,,,0
69953,2026-09-10T13:26:55Z,7420,738,89,1
69952,2026-09-10T11:12:27Z,4988,0,2188,1
69951,2026-09-10T08:24:59Z,,,,0
69950,2026-09-10T08:20:42Z,,,,0
69949,2026-09-10T08:14:04Z,,,,0
69946,2026-09-10T02:46:57Z,5,,,0
69944,2026-09-09T11:23:41Z,,,,0
69941,2026-09-09T04:44:21Z,244,0,0,1
69940,2026-09-09T04:00:23Z,,,,0
69938,2026-09-09T00:00:31Z,11289,,,0
69937,2026-09-08T23:01:23Z,610,0,243,1
69936,2026-09-08T21:04:03Z,712,0,0,1
69935,2026-09-08T17:47:54Z,923,0,32,1
69934,2026-09-08T15:30:12Z,,,,0
69930,2026-09-08T12:06:23Z,10018,0,1255,1
69929,2026-09-08T09:50:35Z,,,,0
69928,2026-09-08T08:08:26Z,35,0,,0
69926,2026-09-08T07:45:29Z,1520,4281,0,1
69925,2026-09-08T07:26:24Z,,,,0
69924,2026-09-08T06:30:49Z,49,,,0
69923,2026-09-08T02:56:33Z,144,0,0,1
69922,2026-09-08T02:07:17Z,357,5771,0,1
69921,2026-09-07T20:26:32Z,45,0,0,1
69920,2026-09-07T19:00:05Z,2295,0,36,1
69919,2026-09-07T14:05:33Z,1,,,0
69908,2026-09-05T23:28:35Z,2368,0,1096,1
69907,2026-09-05T20:32:13Z,,,,0
69906,2026-09-05T17:26:27Z,,,,0
69905,2026-09-05T17:22:13Z,,,,0
69904,2026-09-05T16:34:49Z,3107,0,774,1
69903,2026-09-05T15:53:42Z,2611,5930,0,1
69901,2026-09-05T13:15:48Z,,,,0
69900,2026-09-05T12:01:36Z,153,8178,285,1
69899,2026-09-05T10:46:54Z,80,0,0,1
69898,2026-09-05T09:58:24Z,27683,0,0,1
69896,2026-09-05T08:33:46Z,366,0,3987,1
69895,2026-09-05T07:50:47Z,40,0,30,1
69894,2026-09-05T07:11:58Z,4449,0,44,1
69893,2026-09-05T05:21:55Z,,,,0
69892,2026-09-05T04:33:34Z,4668,0,32,1
69891,2026-09-05T03:11:05Z,6143,4267,0,1
69890,2026-09-04T21:59:40Z,42,0,0,1
69889,2026-09-04T19:56:02Z,,,,0
69888,2026-09-04T17:26:30Z,1,28,34,1
69887,2026-09-04T17:24:17Z,1,30,34,1
69886,2026-09-04T17:23:48Z,3,932,0,1
69885,2026-09-04T17:22:39Z,1,32,30,1
69884,2026-09-04T17:04:50Z,1,46,36,1
69883,2026-09-04T16:50:46Z,88,0,10,1
69878,2026-09-04T15:52:34Z,149,1463,3745,1
69876,2026-09-04T14:08:27Z,,,,0
69875,2026-09-04T13:42:38Z,39,0,69,1
69873,2026-09-04T08:21:29Z,17361,1508,259,1
69872,2026-09-04T08:17:08Z,412,0,0,1
69869,2026-09-04T01:47:19Z,,,,0
69868,2026-09-03T23:42:34Z,,,,0
69866,2026-09-03T21:27:36Z,6539,0,27,1
69865,2026-09-03T21:08:56Z,,,,0
69863,2026-09-03T16:21:27Z,,,,0
69862,2026-09-03T16:07:30Z,190,0,0,1
69861,2026-09-03T14:21:20Z,586,0,407,1
69860,2026-09-03T10:32:50Z,,,,0
69859,2026-09-03T09:13:19Z,59,1178,0,1
69858,2026-09-03T08:33:30Z,,,,0
69857,2026-09-03T08:22:58Z,,,,0
69856,2026-09-03T07:55:05Z,,,,0
69855,2026-09-03T07:45:33Z,1933,0,0,1
69854,2026-09-03T05:39:33Z,702,1096,0,1
69853,2026-09-03T00:50:23Z,,,,0
69852,2026-09-03T00:50:19Z,,,,0
69851,2026-09-03T00:49:46Z,674,0,36,1
69850,2026-09-02T23:52:49Z,2046,0,0,1
69849,2026-09-02T22:42:58Z,893,0,39,1
69848,2026-09-02T22:38:18Z,207,0,0,1
69846,2026-09-02T19:28:58Z,,,,0
69844,2026-09-02T19:25:19Z,771,0,0,1
69843,2026-09-02T18:57:54Z,,,,0
69842,2026-09-02T16:53:12Z,1,928,0,1
69841,2026-09-02T14:38:57Z,31713,0,0,1
69839,2026-09-02T11:28:28Z,,,,0
69838,2026-09-02T08:40:22Z,4262,,,0
69836,2026-09-01T17:54:24Z,,,,1
69835,2026-09-01T17:22:10Z,1,75,21,1
69834,2026-09-01T13:54:34Z,,,,0
69833,2026-09-01T13:53:11Z,997,,,0
69832,2026-09-01T12:00:56Z,5,0,30,1
69831,2026-09-01T11:59:45Z,49,0,37,1
69829,2026-09-01T08:27:48Z,,,,1
69828,2026-09-01T04:37:43Z,718,4247,116,1
69827,2026-08-31T19:36:40Z,1270,13802,92,1
69826,2026-08-31T19:08:04Z,1,1,,0
69825,2026-08-31T18:01:13Z,65,0,195,1
69824,2026-08-31T17:27:41Z,101,0,2318,1
69823,2026-08-31T15:50:34Z,1606,0,23,1
69822,2026-08-31T15:50:19Z,2,5745,0,1
69821,2026-08-31T14:56:57Z,,,,0
69820,2026-08-31T13:36:59Z,154,0,350,1
69819,2026-08-31T09:47:15Z,6112,0,0,1
69818,2026-08-31T09:29:27Z,3,0,32,1
69817,2026-08-31T09:04:36Z,,,,0
69815,2026-08-31T07:50:46Z,168,0,27,1
69814,2026-08-31T02:54:23Z,,,,0
69811,2026-08-30T22:45:37Z,,,,0
69810,2026-08-30T22:09:30Z,87,0,162,1
69809,2026-08-30T20:41:55Z,,,,0
69807,2026-08-30T17:27:12Z,,,,0
69806,2026-08-30T12:01:03Z,256,5266,1,1
69804,2026-08-30T11:22:18Z,1,3133,926,1
69803,2026-08-29T17:55:41Z,,,,0
69802,2026-08-29T16:41:40Z,,,,0
69801,2026-08-29T15:41:47Z,1,2816,1632,1
69800,2026-08-29T14:41:42Z,921,3533,1444,1
69799,2026-08-29T06:18:07Z,2,2118,0,1
69798,2026-08-29T04:44:30Z,786,,,0
69797,2026-08-29T04:23:14Z,612,0,197,1
69796,2026-08-28T23:16:13Z,,,,0
69795,2026-08-28T19:53:10Z,,,,0
69793,2026-08-28T16:48:32Z,75,0,2411,1
69792,2026-08-28T16:19:31Z,,,,0
69791,2026-08-28T16:18:11Z,,,,0
69790,2026-08-28T15:56:26Z,130,3204,540,1
69789,2026-08-28T15:34:41Z,53,0,15,1
69788,2026-08-28T13:23:58Z,4076,0,41,1
69787,2026-08-28T12:01:04Z,445,0,0,1
69786,2026-08-28T11:46:39Z,383,0,8724,1
69785,2026-08-28T11:43:07Z,,,,0
69784,2026-08-28T11:19:26Z,10338,0,0,1
69783,2026-08-28T10:49:27Z,6239,,,0
69782,2026-08-28T10:15:09Z,,,,0
69781,2026-08-28T10:07:43Z,4193,0,1,1
69780,2026-08-28T08:11:28Z,,,,0
69778,2026-08-28T01:01:28Z,,,,0
69777,2026-08-27T18:21:26Z,,,,0
69776,2026-08-27T16:08:06Z,1,257,658,1
69775,2026-08-27T15:15:33Z,1111,0,195,1
69774,2026-08-27T12:59:55Z,,,,0
69773,2026-08-27T12:55:43Z,36035,1167,,0
69772,2026-08-27T11:26:01Z,129,0,0,1
69771,2026-08-27T10:24:21Z,4,0,35,1
69770,2026-08-27T09:15:16Z,18,1065,245,1
69769,2026-08-27T09:00:27Z,38,0,262,1
69768,2026-08-27T08:35:26Z,,,,0
69766,2026-08-27T08:19:22Z,145,131,30,1
69765,2026-08-27T07:31:53Z,,,,0
69764,2026-08-27T03:11:34Z,524,0,8100,1
69763,2026-08-27T02:25:33Z,40,0,0,1
69762,2026-08-26T21:47:29Z,622,9173,32,1
69761,2026-08-26T19:45:39Z,986,,,0
69760,2026-08-26T19:34:23Z,,,,0
69759,2026-08-26T19:22:54Z,1644,0,9632,1
69758,2026-08-26T18:57:43Z,1487,0,489,1
69757,2026-08-26T18:43:57Z,859,8576,0,1
69756,2026-08-26T17:51:20Z,925,399,1,1
69755,2026-08-26T16:56:43Z,,,,0
69754,2026-08-26T16:52:51Z,2,1054,296,1
69753,2026-08-26T14:22:44Z,,,,1
69752,2026-08-26T10:31:12Z,,,,1
69751,2026-08-26T09:31:07Z,1382,0,1904,1
69750,2026-08-26T09:09:33Z,975,0,398,1
69749,2026-08-26T05:48:10Z,,,,1
69748,2026-08-25T23:52:11Z,,,,0
69747,2026-08-25T16:31:23Z,226,0,1206,1
69746,2026-08-25T13:57:51Z,,,,0
69745,2026-08-25T13:46:39Z,13270,0,0,1
69744,2026-08-25T09:56:34Z,23005,89,168,1
69743,2026-08-25T09:13:03Z,,,,0
69738,2026-08-25T05:58:49Z,2,203,12,1
69736,2026-08-24T21:33:20Z,3933,,,0
69735,2026-08-24T20:55:05Z,,,,0
69734,2026-08-24T20:31:11Z,791,2749,0,1
69733,2026-08-24T20:09:58Z,,,,0
69732,2026-08-24T20:00:49Z,819,0,0,1
69731,2026-08-24T19:39:35Z,843,1323,0,1
69730,2026-08-24T18:31:01Z,893,0,0,1
69729,2026-08-24T17:18:16Z,984,,,0
69728,2026-08-24T16:27:59Z,1,813,179,1
69727,2026-08-24T16:21:50Z,,,,0
69726,2026-08-24T16:17:57Z,2,,,0
69725,2026-08-24T16:12:24Z,1025,0,0,1
69718,2026-08-24T15:40:39Z,1064,0,0,1
69717,2026-08-24T15:30:21Z,1197,,,0
69716,2026-08-24T15:21:34Z,1018,0,0,1
69714,2026-08-24T14:42:40Z,17,0,20,1
69713,2026-08-24T14:29:32Z,8,0,57,1
69712,2026-08-24T13:49:55Z,19,0,20,1
69711,2026-08-24T13:29:07Z,,,,0
69710,2026-08-24T13:28:45Z,30,0,7,1
69709,2026-08-24T13:04:37Z,30,0,11,1
69708,2026-08-24T12:50:07Z,1040,0,172,1
69707,2026-08-24T12:44:28Z,38,,,0
69706,2026-08-24T12:36:38Z,1263,1225,99,1
69705,2026-08-24T12:16:39Z,66,,,0
69704,2026-08-24T11:55:47Z,74,0,0,1
69703,2026-08-24T11:47:15Z,91,0,18,1
69702,2026-08-24T11:41:52Z,1085,0,5,1
69701,2026-08-24T11:37:19Z,80,0,13,1
69700,2026-08-24T11:21:49Z,,,,0
69692,2026-08-24T08:53:52Z,9,0,40,1
69691,2026-08-24T08:44:43Z,103,294,0,1
69689,2026-08-24T05:56:08Z,180,38,37,1
69687,2026-08-24T00:42:47Z,,,,0
69685,2026-08-23T16:05:10Z,2,2494,5,1
69684,2026-08-23T15:42:39Z,1279,0,42,1
69683,2026-08-23T11:27:41Z,210,,,0
69682,2026-08-23T04:16:56Z,,,,0
69681,2026-08-22T18:21:58Z,,,,0
69680,2026-08-22T17:55:55Z,506,0,1819,1
69679,2026-08-22T17:47:31Z,513,0,1822,1
69678,2026-08-22T17:41:54Z,516,0,1824,1
69677,2026-08-22T17:36:13Z,529,0,1818,1
69676,2026-08-22T16:16:58Z,610,0,1817,1
69670,2026-08-22T15:16:01Z,2886,1010,0,1
69669,2026-08-22T14:36:00Z,47541,0,0,1
69666,2026-08-21T18:06:54Z,35,0,5,1
69664,2026-08-21T16:38:44Z,3925,0,0,1
69662,2026-08-21T10:01:27Z,183,40,92,1
69660,2026-08-21T06:02:30Z,,,,0
69659,2026-08-21T04:24:16Z,,,,0
69658,2026-08-21T04:23:58Z,,,,0
69657,2026-08-21T03:34:47Z,249,4385,0,1
69656,2026-08-21T03:34:39Z,176,0,39,1
69655,2026-08-21T00:54:08Z,3496,17535,116,1
69654,2026-08-21T00:30:08Z,443,0,0,1
69653,2026-08-20T16:06:16Z,143,799,0,1
69652,2026-08-20T15:07:08Z,200,0,0,1
69651,2026-08-20T15:02:40Z,204,0,0,1
69650,2026-08-20T14:57:42Z,208,0,0,1
69649,2026-08-20T14:52:24Z,213,0,0,1
69648,2026-08-20T14:44:54Z,219,0,0,1
69647,2026-08-20T14:11:30Z,,,,0
69646,2026-08-20T14:10:33Z,247,0,0,1
69645,2026-08-20T14:09:53Z,244,1244,0,1
69644,2026-08-20T13:53:33Z,255,0,0,1
69643,2026-08-20T13:13:10Z,12,0,42,1
69642,2026-08-20T11:41:59Z,365,1271,0,1
69641,2026-08-20T11:41:54Z,129,0,0,1
69640,2026-08-20T11:21:06Z,403,5321,0,1
69625,2026-08-20T09:36:30Z,1216,0,27,1
69624,2026-08-20T07:28:33Z,76,0,32,1
69623,2026-08-20T06:03:59Z,1,1701,253,1
69621,2026-08-20T03:13:42Z,,,,0
69620,2026-08-20T02:47:40Z,361,0,38,1
69618,2026-08-19T17:58:51Z,14,0,43,1
69617,2026-08-19T17:40:42Z,38,0,141,1
69615,2026-08-19T14:30:17Z,1,4,242,1
69614,2026-08-19T10:48:56Z,1071,0,252,1
69613,2026-08-19T09:01:03Z,53,0,45,1
69612,2026-08-19T06:14:18Z,3725,0,3,1
69611,2026-08-19T06:06:33Z,,,,0
69610,2026-08-19T06:01:41Z,,,,0
69609,2026-08-19T03:12:41Z,,,,0
69608,2026-08-18T23:19:56Z,,,,0
69607,2026-08-18T22:47:10Z,212,,,0
69605,2026-08-18T22:00:36Z,722,0,0,1
69603,2026-08-18T19:55:44Z,1976,1520,94,1
69601,2026-08-18T16:41:39Z,261,0,0,1
69600,2026-08-18T16:25:09Z,,,,0
69599,2026-08-18T15:46:10Z,169,0,14,1
69597,2026-08-18T14:31:01Z,,,,0
69595,2026-08-18T13:28:18Z,,,,0
69594,2026-08-18T13:28:13Z,,,,0
69593,2026-08-18T13:28:07Z,,,,0
69592,2026-08-18T13:11:50Z,,,,0
69591,2026-08-18T13:11:44Z,,,,0
69590,2026-08-18T13:11:39Z,,,,0
69589,2026-08-18T12:34:11Z,1144,8896,3135,1
69588,2026-08-18T11:17:46Z,,,,0
69587,2026-08-18T10:34:16Z,,,,0
69586,2026-08-18T10:20:34Z,,,,0
69585,2026-08-18T10:07:17Z,259,0,77,1
69584,2026-08-18T09:11:20Z,,,,0
69583,2026-08-18T05:28:16Z,4,,,0
69582,2026-08-17T19:37:50Z,706,0,0,1
69581,2026-08-17T18:58:50Z,759,0,35,1
69580,2026-08-17T18:36:53Z,1580,,,0
69579,2026-08-17T18:10:53Z,23830,0,0,1
69578,2026-08-17T18:10:49Z,25802,0,0,1
69577,2026-08-17T18:10:46Z,54593,0,0,1
69576,2026-08-17T18:10:07Z,3932,0,0,1
69575,2026-08-17T18:06:40Z,2930,0,899,1
69574,2026-08-17T17:52:21Z,3932,0,0,1
69573,2026-08-17T17:30:10Z,756,0,60,1
69572,2026-08-17T17:22:59Z,1,769,77,1
69571,2026-08-17T16:56:35Z,5765,0,0,1
69570,2026-08-17T14:28:36Z,374,1335,0,1
69569,2026-08-17T14:28:25Z,368,0,37,1
69559,2026-08-17T07:45:49Z,4851,3,87,1
69558,2026-08-17T06:43:24Z,,,,0
69557,2026-08-16T18:17:10Z,,,,0
69556,2026-08-16T17:11:47Z,758,0,150,1
69555,2026-08-16T16:31:47Z,,,,0
69552,2026-08-16T14:40:56Z,917,264,70,1
69551,2026-08-16T08:32:56Z,,,,0
69549,2026-08-16T01:52:36Z,41,0,0,1
69548,2026-08-15T14:52:00Z,359,,,0
69546,2026-08-15T14:44:29Z,331,,,0
69545,2026-08-15T13:47:49Z,1414,0,0,1
69544,2026-08-15T09:51:19Z,28,,,0
69543,2026-08-15T09:10:42Z,,,,0
69542,2026-08-15T06:02:51Z,415,0,41,1
69541,2026-08-15T05:19:42Z,,,,0
69540,2026-08-14T16:42:10Z,,,,0
69539,2026-08-14T16:12:09Z,165,,,0
69538,2026-08-14T12:27:04Z,67,0,0,1
69537,2026-08-14T09:59:40Z,,,,0
69536,2026-08-14T03:48:34Z,494,0,39,1
69535,2026-08-14T02:25:15Z,76,,,0
69533,2026-08-13T23:33:32Z,7,422,,0
69532,2026-08-13T22:37:32Z,,,,0
69531,2026-08-13T20:16:39Z,23,0,40,1
69530,2026-08-13T20:03:13Z,30,1,42,1
69529,2026-08-13T20:00:52Z,7,,,0
69528,2026-08-13T18:28:08Z,,,,0
69527,2026-08-13T18:06:35Z,103,1330,39,1
69522,2026-08-13T13:46:11Z,151,0,38,1
69520,2026-08-13T10:47:51Z,169,1762,3690,1
69519,2026-08-13T09:41:25Z,11950,0,22,1
69518,2026-08-13T09:36:11Z,3,1553,128,1
69516,2026-08-12T22:33:18Z,125,0,0,1
69515,2026-08-12T22:25:46Z,928,5578,51,1
69514,2026-08-12T20:58:47Z,731,,,0
69513,2026-08-12T18:15:26Z,221,0,0,1
69512,2026-08-12T17:07:13Z,283,0,0,1
69511,2026-08-12T16:36:50Z,5,876,41,1
69510,2026-08-12T16:22:15Z,472,0,0,1
69506,2026-08-12T15:59:46Z,1372,0,269,1
69503,2026-08-12T15:42:53Z,954,0,0,1
69502,2026-08-12T15:34:49Z,8,0,31,1
69501,2026-08-12T13:36:50Z,3,0,40,1
69500,2026-08-12T13:13:16Z,204,0,0,1
69499,2026-08-12T12:39:35Z,299,1953,59877,1
69498,2026-08-12T12:39:33Z,13225,0,0,1
69497,2026-08-12T12:39:31Z,13226,0,0,1
69496,2026-08-12T12:39:29Z,135,0,13024,1
69495,2026-08-12T11:51:06Z,1175,0,6,1
69492,2026-08-12T10:48:11Z,1,27,13,1
69491,2026-08-12T08:20:03Z,,,,0
69490,2026-08-12T02:54:12Z,,,,0
69488,2026-08-11T21:42:01Z,,,,0
69487,2026-08-11T19:50:58Z,3787,0,3803,1
69486,2026-08-11T19:50:15Z,47,0,41,1
69485,2026-08-11T19:36:15Z,,,,0
69483,2026-08-11T14:28:50Z,22,0,1174,1
69482,2026-08-11T14:22:41Z,,,,0
69481,2026-08-11T14:22:25Z,15,0,38,1
69480,2026-08-11T13:17:44Z,35,0,41,1
69479,2026-08-11T10:16:01Z,,,,0
69478,2026-08-11T09:46:39Z,,,,0
69477,2026-08-11T09:25:14Z,335,0,989,1
69476,2026-08-11T05:32:29Z,,,,1
69475,2026-08-11T01:11:38Z,166,0,339,1
69474,2026-08-10T18:20:51Z,1,0,41,1
69472,2026-08-10T17:56:25Z,309,765,0,1
69468,2026-08-10T14:30:41Z,,,,0
69467,2026-08-10T13:42:20Z,,,,0
69466,2026-08-10T13:00:03Z,,,,0
69465,2026-08-10T12:50:35Z,56,,,0
69464,2026-08-10T12:07:55Z,81,121,15,1
69463,2026-08-10T11:50:58Z,22,0,113,1
69462,2026-08-10T11:30:07Z,,,,0
69461,2026-08-10T11:19:29Z,31464,0,0,1
69460,2026-08-10T10:05:34Z,1628,0,4568,1
69455,2026-08-10T05:21:24Z,6483,0,0,1
69454,2026-08-10T00:14:02Z,39,0,0,1
69452,2026-08-09T20:23:41Z,261,0,0,1
69451,2026-08-09T19:59:50Z,287,0,40,1
69449,2026-08-09T15:09:29Z,727,0,237,1
69447,2026-08-09T03:30:48Z,26,0,922,1
69445,2026-08-09T01:43:34Z,0,0,,0
69444,2026-08-09T01:43:30Z,0,0,,0
69439,2026-08-08T21:30:55Z,0,0,,0
69438,2026-08-08T21:30:50Z,0,0,2455,1
69437,2026-08-08T21:16:11Z,,,,0
69436,2026-08-08T21:16:06Z,,,,0
69435,2026-08-08T21:15:55Z,,,,0
69434,2026-08-08T21:15:49Z,,,,0
69433,2026-08-08T21:15:44Z,,,,0
69427,2026-08-08T18:53:15Z,0,0,,0
69426,2026-08-08T17:16:45Z,,,,0
69425,2026-08-08T16:13:40Z,,,,0
69424,2026-08-08T12:05:52Z,2366,29220,1192,1
69423,2026-08-08T07:47:37Z,240,0,69,1
69422,2026-08-08T04:57:00Z,113,,,0
69420,2026-08-08T01:43:05Z,,,,0
69417,2026-08-07T20:39:49Z,19834,0,1,1
69416,2026-08-07T20:35:10Z,23979,0,0,1
69415,2026-08-07T20:25:34Z,,,,0
69414,2026-08-07T19:31:48Z,59,0,41,1
69413,2026-08-07T19:28:35Z,,,,0
69412,2026-08-07T19:01:58Z,724,152,154,1
69411,2026-08-07T18:44:02Z,133,0,40,1
69410,2026-08-07T17:01:08Z,2,4079,72,1
69409,2026-08-07T16:06:47Z,,,,0
69408,2026-08-07T16:06:22Z,,,,0
69407,2026-08-07T15:12:36Z,,,,0
69406,2026-08-07T15:12:12Z,,,,0
69405,2026-08-07T15:11:22Z,22,0,41,1
69404,2026-08-07T14:26:00Z,50,0,45,1
69403,2026-08-07T12:03:22Z,,,,0
69402,2026-08-07T11:38:45Z,121,0,127,1
69401,2026-08-07T11:29:37Z,57,0,40,1
69400,2026-08-07T10:55:34Z,28,0,59,1
69398,2026-08-07T09:38:23Z,3,,,0
69388,2026-08-07T07:27:46Z,206,0,269,1
69387,2026-08-07T07:23:11Z,20,0,60,1
69386,2026-08-07T05:46:53Z,5,3176,1261,1
69385,2026-08-07T05:25:54Z,1,429,35,1
69381,2026-08-06T20:56:55Z,26,,,0
69380,2026-08-06T20:54:31Z,717,301,8697,1
69379,2026-08-06T20:48:43Z,227,0,534,1
69377,2026-08-06T18:58:00Z,375,0,930,1
69376,2026-08-06T18:29:30Z,841,9143,814,1
69374,2026-08-06T16:46:40Z,,,,0
69372,2026-08-06T15:34:49Z,998,0,74,1
69371,2026-08-06T15:33:21Z,,,,0
69368,2026-08-06T14:46:39Z,26,36,981,1
69367,2026-08-06T14:40:45Z,11,0,144,1
69366,2026-08-06T14:22:49Z,1688,,,0
69364,2026-08-06T12:54:08Z,178,0,0,1
69363,2026-08-06T12:49:17Z,1161,4314,2,1
69362,2026-08-06T12:39:57Z,157,0,0,1
69360,2026-08-06T11:54:55Z,1218,0,0,1
69359,2026-08-06T09:57:47Z,17,,,0
69358,2026-08-06T09:18:12Z,43,61,289,1
69357,2026-08-06T08:05:06Z,9,10,37,1
69355,2026-08-06T06:25:08Z,102,89,302,1
69354,2026-08-06T04:39:33Z,70,0,68,1
69353,2026-08-06T00:38:29Z,409,53,38,1
69352,2026-08-05T21:19:54Z,54,815,39,1
69351,2026-08-05T20:39:23Z,651,8855,1347,1
69350,2026-08-05T19:30:06Z,663,41799,95,1
69285,2026-08-05T17:14:34Z,,,,0
69284,2026-08-05T16:34:24Z,70,0,38,1
69282,2026-08-05T16:05:21Z,425,0,0,1
69281,2026-08-05T15:52:28Z,441,0,0,1
69280,2026-08-05T13:53:56Z,,,,0
69278,2026-08-05T09:22:04Z,,,,0
69277,2026-08-05T07:38:14Z,41,60,64,1
69274,2026-08-05T02:40:10Z,,,,0
69273,2026-08-04T22:35:12Z,64,34933,134,1
69272,2026-08-04T18:45:35Z,93,0,39,1
69271,2026-08-04T15:05:42Z,1227,0,19,1
69270,2026-08-04T14:40:32Z,,,,0
69269,2026-08-04T13:47:24Z,433,0,607,1
69268,2026-08-04T12:24:17Z,,,,0
69267,2026-08-04T10:53:03Z,136,0,0,1
69266,2026-08-04T07:27:59Z,2401,0,0,1
69265,2026-08-04T06:34:36Z,44,1936,13,1
69264,2026-08-04T04:57:12Z,,,,0
69263,2026-08-04T00:21:06Z,27,0,7,1
69261,2026-08-03T23:11:06Z,21,14,2,1
69260,2026-08-03T19:58:49Z,69,0,69,1
69259,2026-08-03T19:21:32Z,104,0,72,1
69258,2026-08-03T18:29:12Z,755,,,0
69257,2026-08-03T16:23:24Z,13,7,40,1
69256,2026-08-03T16:20:43Z,1142,0,0,1
69254,2026-08-03T14:22:22Z,,,,0
69253,2026-08-03T14:22:19Z,140,799,0,1
69251,2026-08-03T13:15:22Z,21,,,0
69250,2026-08-03T13:09:55Z,1095,,,0
69249,2026-08-03T12:54:11Z,,,,0
69248,2026-08-03T12:08:41Z,81,181,40,1
69247,2026-08-03T11:17:42Z,131,0,36,1
69246,2026-08-03T11:07:18Z,3636,0,0,1
69243,2026-08-03T09:54:17Z,6416,0,7273,1
69242,2026-08-03T09:54:14Z,1484,0,0,1
69241,2026-08-03T09:54:12Z,1482,0,0,1
69240,2026-08-03T09:54:09Z,1481,0,0,1
69238,2026-08-03T09:35:33Z,5,0,38,1
69232,2026-08-03T09:03:08Z,46506,0,0,1
69228,2026-08-03T08:21:02Z,20,,,0
69227,2026-08-03T08:20:35Z,,,,0
69224,2026-08-03T07:23:47Z,,,,0
69222,2026-08-03T06:56:32Z,,,,0
69220,2026-08-03T04:17:07Z,55,0,0,1
69219,2026-08-02T23:31:52Z,,,,0
69218,2026-08-02T23:30:02Z,,,,0
69217,2026-08-02T23:26:12Z,455,0,42,1
69216,2026-08-02T21:09:45Z,,,,0
69215,2026-08-02T20:40:26Z,,,,0
69214,2026-08-02T19:51:18Z,,,,0
69213,2026-08-02T19:21:17Z,,,,0
69212,2026-08-02T19:00:50Z,706,51,38,1
69211,2026-08-02T18:50:08Z,710,0,40,1
69210,2026-08-02T16:35:22Z,,,,0
69209,2026-08-02T13:59:05Z,1009,0,0,1
69208,2026-08-02T13:49:08Z,58,939,0,1
69207,2026-08-02T13:45:40Z,994,148,30,1
69206,2026-08-02T13:38:02Z,,,,0
69205,2026-08-02T13:12:57Z,,,,0
69204,2026-08-02T12:14:07Z,1081,0,79,1
69203,2026-08-02T11:22:55Z,,,,0
69202,2026-08-02T10:58:10Z,1263,,,0
69201,2026-08-02T10:27:35Z,140,0,41,1
69200,2026-08-02T10:09:38Z,1199,0,39,1
69199,2026-08-02T09:36:18Z,15,0,32,1
69196,2026-08-02T06:53:30Z,13632,0,18363,1
69191,2026-08-01T22:01:09Z,3465,,,0
69190,2026-08-01T21:09:27Z,2971,,,0
69189,2026-08-01T19:28:48Z,636,0,38,1
69188,2026-08-01T17:23:13Z,233,2022,39,1
69187,2026-08-01T16:38:09Z,28,,,0
69185,2026-08-01T14:15:03Z,,,,0
69184,2026-08-01T13:27:42Z,65,0,25,1
69183,2026-08-01T13:05:55Z,,,,0
69182,2026-08-01T11:33:57Z,,,,0
69181,2026-08-01T11:31:36Z,,,,0
69180,2026-08-01T11:31:29Z,,,,0
69179,2026-08-01T11:31:22Z,,,,0
69178,2026-08-01T11:31:12Z,166,0,434,1
69177,2026-08-01T10:30:58Z,32,0,38,1
69176,2026-08-01T10:30:17Z,255,,,0
69175,2026-08-01T09:45:25Z,,,,0
69174,2026-08-01T09:32:58Z,,,,0
69173,2026-08-01T09:17:43Z,,,,0
69172,2026-08-01T08:35:40Z,18,0,38,1
69165,2026-08-01T05:58:00Z,,,,0
69164,2026-07-31T23:49:42Z,,,,0
69163,2026-07-31T21:38:41Z,545,0,39,1
69162,2026-07-31T21:07:06Z,98,0,494,1
69161,2026-07-31T19:17:55Z,73,0,45,1
69160,2026-07-31T18:49:03Z,,,,0
69159,2026-07-31T18:41:52Z,729,0,68,1
69157,2026-07-31T18:09:02Z,,,,0
69156,2026-07-31T17:51:04Z,,,,0
69155,2026-07-31T17:29:44Z,174,0,39,1
69147,2026-07-31T13:25:08Z,,,,0
69146,2026-07-31T12:41:32Z,338,1219,0,1
69145,2026-07-31T12:37:31Z,,,,0
69144,2026-07-31T09:56:29Z,4328,0,39,1
69143,2026-07-31T09:26:44Z,,,,0
69142,2026-07-31T09:24:24Z,12,,,0
69140,2026-07-31T07:27:16Z,19,0,38,1
69138,2026-07-30T19:35:27Z,168,0,540,1
69137,2026-07-30T19:21:17Z,,,,0
69136,2026-07-30T18:58:49Z,,,,0
69135,2026-07-30T17:51:50Z,275,0,539,1
69134,2026-07-30T15:47:17Z,86,1473,38,1
69133,2026-07-30T15:43:04Z,,,,0
69132,2026-07-30T14:05:52Z,1677,2412,40,1
69131,2026-07-30T13:23:09Z,,,,0
69130,2026-07-30T12:56:03Z,267,0,0,1
69129,2026-07-30T12:13:00Z,,,,0
69128,2026-07-30T12:02:41Z,37,0,38,1
69127,2026-07-30T10:25:58Z,402,0,39,1
69126,2026-07-30T10:18:08Z,146,0,,0
69125,2026-07-30T10:03:23Z,175,5437,0,1
69124,2026-07-30T09:33:55Z,6,,,0
69123,2026-07-30T08:24:40Z,,,,0
69122,2026-07-30T07:23:02Z,28,0,31,1
69120,2026-07-29T22:37:15Z,285,,,0
69119,2026-07-29T22:15:06Z,579,0,36,1
69118,2026-07-29T19:44:43Z,699,1470,0,1
69117,2026-07-29T18:11:34Z,,,,0
69116,2026-07-29T17:33:27Z,,,,0
69114,2026-07-29T16:32:24Z,867,0,34,1
69113,2026-07-29T16:15:10Z,,,,0
69112,2026-07-29T15:19:33Z,13,33,40,1
69111,2026-07-29T15:02:47Z,57,23,54,1
69110,2026-07-29T14:45:10Z,,,,0
69109,2026-07-29T13:40:33Z,,,,0
69108,2026-07-29T11:12:22Z,,,,0
69107,2026-07-29T10:00:00Z,4,0,40,1
69106,2026-07-29T09:54:50Z,2,1345,124,1
69104,2026-07-29T09:07:50Z,49182,,,0
69103,2026-07-29T08:35:47Z,,,,0
69102,2026-07-29T07:55:25Z,,,,0
69101,2026-07-29T07:43:30Z,41,0,40,1
69100,2026-07-29T06:13:13Z,109,0,75,1
69099,2026-07-28T21:23:21Z,11,1038,37,1
69097,2026-07-28T18:34:05Z,99,22724,60,1
69096,2026-07-28T13:14:24Z,1237,3227,4,1
69095,2026-07-28T12:22:54Z,1220,40,40,1
69094,2026-07-28T07:24:02Z,100,41,26,1
69091,2026-07-28T03:36:37Z,5,4789,0,1
69089,2026-07-27T22:42:26Z,,,,0
69088,2026-07-27T21:45:09Z,,,,0
69087,2026-07-27T19:08:24Z,,,,0
69086,2026-07-27T19:08:07Z,,,,0
69085,2026-07-27T19:07:44Z,,,,0
69084,2026-07-27T18:07:48Z,84,0,0,1
69083,2026-07-27T15:58:22Z,8,0,34,1
69081,2026-07-27T14:31:41Z,407,10838,8623,1
69079,2026-07-27T13:50:44Z,1,51,0,1
69078,2026-07-27T12:11:38Z,78,0,38,1
69077,2026-07-27T11:38:29Z,1,164,1,1
69071,2026-07-27T07:44:56Z,1,39,0,1
69070,2026-07-27T07:38:17Z,41,0,39,1
